Sr No, Blood Bank Name, State, District, City, Address,Pincode, Contact No, Mobile, Helpline, Fax, Email, Website, Nodal Officer , Contact Nodal Officer, Mobile Nodal Officer, Email Nodal Officer, Qualification Nodal Officer, Category, Blood Component Available, Apheresis, Service Time, License #, Date License Obtained, Date of Renewal, Latitude, Longitude
1942,Government  Head quarters Hospital,Tamil Nadu,Ariyalur,Ariyalur,"Perambalur Road, Ariyalur",621704,,,,,,,,,,,,Government,,,,,,,#N/A,#N/A
1943,CANCER INSTITUTE HOSPITAL BLOOD BANK,Tamil Nadu,CHENNAI,Adyar,"Cancer Institute (WIA) ,No.18 Sardar Patel road",600036,"044 22209150,044 24910754,044 22350241",,,044 24912085,cibloodbank3@gmail.com,http://www.cancerinstitutewia.org,Dr. Narmadha,,9840037100,drnarmadha01@gmail.com,MBBS,Charity,YES,YES,24X7,126,5/13/1997,31-12-2017,13.005335,80.239623
1944,Rajiv Gandhi Government General Hospital,Tamil Nadu,CHENNAI,Chennai,"General Hospital Road
Park Town,
Chennai, Tamil Nadu ",600003,"044 25305711,  044 2530 5000",9436120190,N/A,N/A,dchsub@yahoo.co.in,http://www.mmc.tn.gov.in,Dr.Subash,"044 25305711,  044 2530 5000","9381715141, 9443988432",dchsub@yahoo.co.in,"MBBS, MD (Transfusion Medicine)",Government,YES,YES,24X7,36/28c,N/A,6.4.2018,13.081279,80.27678
1945,The Institute of Child Health and Hospital for Children,Tamil Nadu,CHENNAI,Chennai,"Halls Road, Egmore, Chennai",600008,044 28191132  044 2819 2138,"09445142097, 09941173095",N/A,N/A,ichbloodbank@gmail.com,http://www.mmc.tn.gov.in,Dr. Subbulakshmi,N/A,9994512980,ichbloodbank@gmail.com,MD (Pathology),Government,YES,NO,24X7,115/28c,31-03-1997,31-12-2012,13.072798,80.258257
1946,Government Kilpauk Medical College Hospital Blood Bank,Tamil Nadu,CHENNAI,Chennai,"Government Kilpauk Medical College and Hospital,                    822, Poonamallee High Rd, Kilpauk, Chennai  ",600010,044 28364955,9941242840,N/A,N/A,kmchbloodbank@gmail.com,http://www.gkmc.in/,Dr. Ravindran,N/A,9941242840,kmchbloodbank@gmail.com,"MBBS, DCP",Government,YES,NO,24x7,116/28c,N/A,31-12-2012,13.078315,80.243824
1947,Southern Railway Headquarters Hospital,Tamil Nadu,CHENNAI,Chennai,"Ayanavaram
Chennai, Tamil Nadu ",600023,044 2674 1624,9841896599,N/A,N/A,N/A,http://www.sr.indianrailways.gov.in,Dr. Jaisri,N/A,9003160548,jaisri12@yahoo.com,"MBBS, MD, DCP, DNB",Government,YES,NO,24X7,,,,13.101967,80.232996
1948,ESIC Hospital And Occupational Diseases Centre Blood Bank,Tamil Nadu,CHENNAI,Chennai,"Ashok Pillar Main Road, K.K. Nagar,Chennai",600078,044 24893714  ,9840362852,N/A,N/A,,,,,,,,Government,,,24x7,,,,13.034844,80.2083
1949,Apollo Hospital Enterprises Limited Blood Bank,Tamil Nadu,CHENNAI,Chennai,"No:21, Greams Lane, Off Greams Road, Thousand Lights West, Thousand Lights, Chennai ",600006,"044 28294870,  044 2829 0200",9894769935,N/A,N/A,drrema_m@apollohospital.co,http://www.apollohospitals.com,Dr. Rema Menon,N/A,9894769935,drrema_m@apollohospital.co,MBBS,Private,YES,YES,24x7,339/28c,30-09-1994,29-09-2017,13.063084,80.251472
1950,Jeevan Blood Bank and Research Centre,Tamil Nadu,CHENNAI,Chennai,"22/11, Wheatcrofts Road, Nungambakkam
Chennai, Tamil Nadu 600034",600034,0435 20220    044 2826 3113,093817 75666,N/A,N/A,safeblood@jeevan.org,http://www.jeevan.org,Dr. Prabhakaran,0435 20220    044 2826 3113,8939995678,safeblood@jeevan.org,"MBBS, MD, Transfusion Medicine",Private,YES,NO,24X7,370/28c,12-09-1995,05-02-2020,13.064595,80.241688
1951,Apollo Speciality Hospital Blood Bank,Tamil Nadu,CHENNAI,Chennai,"4th Floor, Geo Tower, Old No.319, New No.465, Anna Salai, Nandanam, Chennai",600035,"044 24347288, 044 24331741, 044 24336119",N/A,N/A,N/A,drrema_m@apollohospital.co,http://www.apollohospitals.com,Dr. Rema Menon,N/A,9840352531,drrema_m@apollohospital.co,MBBS,Private,YES,YES,24X7,339,30-09-1994,29-09-2017,13.033595,80.24507
1952,Madras Medical Mission(Institute of Cardio Vascular Diseses),Tamil Nadu,CHENNAI,Chennai,"No. 4 Dr.Jayalalitha Nagar, Mogapair",600050,044 26561801,N/A,N/A,044 26565510,bloodbank @mmm.org.in,,Dr. Jeyaraju,N/A,9841011418,jjayaraju@mmm.com,"MBBS, DCP",Private,YES,NO,24x7,69/28c,N/A,21-12-2016,13.085812,80.187029
1953,Kanchi Kamakoti Child Trust Hospital Blood Bank,Tamil Nadu,CHENNAI,Chennai,"12 A, Nageshwara Road, Nungambakkam, Chennai",600034,"044 42001800, Extn 205",98404598978,N/A,N/A,,http://www.kkcth.org,,,,,,Charity,,,24x7,,,,13.057336,80.245785
1954,Vijaya Hospital Blood Bank,Tamil Nadu,CHENNAI,Chennai,"New No: 434 (OId No: 180), N.S.K Salai, Vadapalani",600026,"044 24881392, 044 24842931, 044 24802221, 044 24802165,",N/A,N/A,N/A,receptionpro2009@gmail.com,,Dr. K. Prabahakar,N/A,9884015766,receptionpro2009@gmail.com,MBBS,Private,YES,NO,24X7,151/28c,29-06-1998,31-12-2016,13.049867,80.208392
1955,MIOT Hospital Blood Bank,Tamil Nadu,CHENNAI,Chennai,"No. 4/112 Mount Poonamelle Road, Manapakkam, Chennai",600089,"044 22492288, 044 42002288",N/A,N/A,N/A,bloodbank@miothospitals.com,http://www.MIOThospital.com,Dr. Selvaraj,N/A,9841067775,bloodbank@miothospitals.com,"MBBS, DCP",Private,YES,YES,24X7,375/28c,23-06-2015,31-12-2020,13.021971,80.186066
1956,Hindu Mission Hospital Blood Bank,Tamil Nadu,CHENNAI,Chennai,"103, GST Road, Tambram, Patel Nagar, Tambaram,Chennai",600045,"044 22262244, Extn 193  ",N/A,N/A,N/A,bloodbank@hindumissionhospital.org,,Dr. Narayanamoorthy,N/A,9677941661,bloodbank@hindumissionhospital.org,MBBS,Charity,NO,NO,24x7,169,10-11-1999,17-Sep,12.923848,80.113982
1957,Lions Blood Bank and Research Centre,Tamil Nadu,CHENNAI,Chennai,"Doctors Plaza No. 5A/1  V.O.C. Street  Opposite to Shanmugan Road, West Tambram",600045,044 2261474,N/A,N/A,N/A,,,,,,,,Charity,NO,NO,N/A,,,,12.9272729,80.1130162
1958,International Centre for Cardio Thoracic and Vascular Diseases,Tamil Nadu,CHENNAI,Chennai,"R-30c, Ambattur Industrial Estate Road, Mogappair,Chennai",600101,"044 42017575, 044 26564224  ",9790840976,N/A,044 26565150,translab@frontierlifeline.com,http://www.frontierlifeline.com,Dr. R. Sai Babu,N/A,9840297408,translab@frontierlifeline.com,"MBBS, DCP",Private,YES,NO,24x7,242/28c,31-05-2004,30-05-2019,13.076019,80.181451
1959,Dr.Kamatchi Memorial and Blood Component Research Centre ,Tamil Nadu,CHENNAI,Chennai,"Run by Kamatchi Memorial Trust, 1 Radial Road, Pallikaranai, Rose Avenue, Chennai",600100,044 66300300  ,N/A,N/A,N/A,bloodbank@drkmh.com,,Dr. Priyanka,N/A,8754635906,bloodbank@drkmh.com,MD (Transfusion Medicine),Private,YES,YES,24x7,269/28c,13-03-2006,12-03-2016,12.949232,80.209635
1960,Bharathiraja Speciality Hospital Blood Bank,Tamil Nadu,CHENNAI,Chennai,"20 Gopathi Narayanaswami Chetty Road, Thiyagaraya Nagar
Parthasarathy Puram, T.Nagar Chennai",600017,044 3011 3011,9443478202,N/A,N/A,,http://www.brhospital.in,,,,,,Private,NO,NO,24x7,,,,13.048082,80.245055
1961,Global Hospitals Blood Bank (A unit of Rabindranath GE Medical Association Pvt Ltd,Tamil Nadu,CHENNAI,Chennai,"439, Cheran Nagar, Perumbakkam
Cheran Nagar, Perumbakkam,
Chennai",600100,044 22777000,N/A,44777199,4444777100,deepti.vij@gmail.com,,Dr. Deepti Sachan,N/A,9940680832,deepti.vij@gmail.com,"MD, Transfusion Medicine",Private,YES,YES,24x7,294/28c,05-12-2008,04-12-2018,12.898506,80.206289
1962,Sri Ramachandra Medical College and Research Institute Blood Bank,Tamil Nadu,CHENNAI,Chennai,"No.1, Ramachandra Nagar, Porur, Chennai",600116,"044 24768027, 044 24768031, 044 24768033, 044 45928500",N/A,N/A,N/A,srmcbb@yahoo.com,http://www.sriramachandra.com,Dr. Vinod Kumar Panicker,N/A,9841029877,srmcbb@yahoo.com,MD (Pathology),Private,YES,YES,24x7,304/28c,09-06-1984,04-03-2016,13.038833,80.143534
1963,Rotary Blood Bank,Tamil Nadu,CHENNAI,Chennai,"Medavakkam Main Rd, Vanuvampet, Madipakkam, Chennai",600091,044 43584482  044 2242 2639,N/A,N/A,N/A,rotarybloodbank_ngl@yahoo.com,,Dr. Thiyagarajan,N/A,9841041182,rotarybloodbank_ngl@yahoo.com,MBBS,Charity,YES,NO,24X7,306/28c,15-10-2009,14-10-2009,12.98107,80.195475
1964,St Thomas Blood Bank and Research Centre St Thomas Hospital,Tamil Nadu,CHENNAI,Chennai,"5/105, II floor Defence Colony Road, St. Thomas Mount",16,044 22319393,N/A,N/A,N/A,stthomasbloodbankcrc@gmail.com,,Dr. Ashok,N/A,9840974740,stthomasbloodbankcrc@gmail.com,"MBBS, MD(TM)",Charity,YES,NO,24X7,328/28c,N/A,16-Jul,13.012134,80.19625
1965,Right Hospitals Blood Bank,Tamil Nadu,CHENNAI,Chennai,"No.1, Professor Subramaniam Street, Kilpauk",600010,044 26403939,N/A,N/A,044 26430999,rightbloodbank@gmail.com,http://www.rightbloodbank@gmail.com,Dr. Varadharajan,044 26423940,N/A,rightbloodbank@gmail.com,"MBBS, DCP",Private,YES,YES,24X7,343/28c,28-01-2013,27-01-2018,13.078914,80.240581
1966,Apollo Hospitals Blood Bank,Tamil Nadu,CHENNAI,Chennai,"Run by Apollo Hospitals Educational Trust, No. 64, Fourth Floor, Vanagaram to Ambattur Main Road, Ayanambakkam",600095,044 26533429,N/A,N/A,N/A,bloodbank_aybkm@apollohospitals.com,http://www.chennai.apollohospitals.com,Dr. Anila Mathew,N/A,9840038231,bloodbank_aybkm@apollohospitals.com,"MBBS, MD(TM)",Charity,YES,NO,24x7,350/28c,03-02-2014,02-02-2019,13.071266,80.150603
1967,Landsteiner Lakshmi Memorial Research Foundation,Tamil Nadu,CHENNAI,Chennai,"14/90, Ground Floor, First Floor and Second Floor, Ayyavoo Street, Aminijikarai",600029,"044 42320000, 044 26644111",8012999900,"08925500000, 09976000000",N/A,llmrf@yahoo.com / landsteinercharities@gmail.com,http://www.llmrfbloodbank.com,Dr.Jeyakrishnan,N/A,9382828101,llmrf@yahoo.com/landsteinercharities@gmail.com,MBBS,Charity,YES,NO,24X7,367/28c,19-06-1995,11-12-2019,13.079435,80.257308
1968,Madras Egmore Lions Blood Bank and Research Foundation,Tamil Nadu,CHENNAI,Chennai,"Egmore Lions Blood Bank and Research Foundation, 130 Marshall Road, Egmore
Chennai",600008,"044 28414949, 044 28414959, 044 28415959",8012999900,1910,N/A,ceo@lionsbloodbank.net,,Dr. Gunalakshmi,N/A,9941917515,ceo@lionsbloodbank.net,MBBS,Charity,YES,NO,24x7,2/28c,25-10-1999,31-12-2015,13.069705,80.260797
1969,Government Royapettah Hospital Blood Bank,Tamil Nadu,CHENNAI,Chennai,"No 1, Westcott Road, Royapettah, Chennai, Tamil Nadu ",600014,"044 28482611,  044 28483053",9940030580,N/A,N/A,bloodbankgrh@gmail.com,,Dr. Duraisamy,N/A,9444213143,bloodbankgrh@gmail.com,MD (Pathology),Government,NO,NO,24x7,13/28c,10-11-1994,31-12-2011,13.054709,80.265073
1970,Government Peripheral Hospital Blood Bank,Tamil Nadu,CHENNAI,Chennai,"Government Peripheral Hospital 
M-2, Third Avenue,  Anna Nagar,  
(Near K-4 Police Station)
Chennai",600102,044 26209490,9551107853,N/A,N/A,bbmogphan@gmail.com,,Dr. Josephen Helen,N/A,9444477733,bbmogphan@gmail.com,"MBBS, DCP",Government,NO,NO,24X7,113/28c,31-03-1997,31-12-2017,13.095428,80.219317
1971,Government Kasthurbai Gandhi Hospital for Women & Children,Tamil Nadu,CHENNAI,Chennai,"Victoria Hostel Rd, Triplicane, Chennai, Tamil Nadu",600005,"044 28545123, 044 28545001",9444955617,N/A,N/A,kghbloodbank@gmail.com,,Dr. Uma Maheshwaran,N/A,9444955617,kghbloodbank@gmail.com,"MBBS, DCP",Government,NO,NO,24x7,114/28c,N/A,31-12-2017,13.059296,80.278431
1972,Institute of Obstetrics and Gynaecology Government Hospital for Women and Children,Tamil Nadu,CHENNAI,Chennai,"Police Commisioners Rd, Egmore, Chennai, Tamil Nadu",600008,044 28194896,9941823003,N/A,N/A,iogwch@yahoo.com,,Dr. P. Jayanthi,N/A,9150598685,iogwch@yahoo.com,"MBBS, DCP",Government,NO,NO,24x7,117/28c,31-03-1997,31-12-2017,13.073689,80.259207
1973,Government RSRM Hospital,Tamil Nadu,CHENNAI,Chennai,"Cemetery Road, Royapuram, Chennai, Tamil Nadu ",600013,044 25901665  ,9840570494,N/A,N/A,rsrmbloodbank@gmail.com,,Dr. Krishnakumar,N/A,9840570494,rsrmbloodbank@gmail.com,"MBBS, DCP",Government,NO,NO,24x7,118,N/A,31-12-2017,13.108993,80.288403
1974,Chennai Port Trust Hospital Blood Bank,Tamil Nadu,CHENNAI,Chennai,"No.10 Spring Heaven Road, George Town, Chennai, Tamil Nadu",600001,044 25362201,,12777,,,http://www.chennaiport.gov.in/,,,,,,Charity,NO,NO,24x7,,,,13.085925,80.291757
1975,ESI Hospital Blood Bank,Tamil Nadu,CHENNAI,Chennai,"The Blood Bank Medical Officer, ESI Hospital, Ayanavaram, 
Chennai",600023,044 26449284,9443285809,N/A,N/A,bloodbankesihospital@gmail.com,,Dr. Kaliselvam,N/A,9443285809,bloodbankesihospital@gmail.com,MBBS,Government,NO,NO,24X7,87/28c,31-03-1997,31-12-2012,13.094828,80.240417
1976,Rotary Central TTK Voluntary Health Services (Dr Raganathan Memorial Blood Bank),Tamil Nadu,CHENNAI,Chennai,"Tharamani, Adyar, Chennai, Tamil Nadu",600113,"044 22541692,  044 22542829",9444021560,N/A,N/A,vhsbb@yahoo.com,,Dr. Mythily,N/A,9444021560,vhsbb@yahoo.com,"MBBS, DCP",Charity,YES,NO,24X7,15/28c,1964,N/A,13.002059,80.24716
1977, AA Lab Blood Bank,Tamil Nadu,CHENNAI,Chennai,"Old No 12 New No 23, 5th Cross Street, Nungambakkam
Nungambakkam
Chennai, Tamil Nadu",600034,044 28170930  ,"09444368721, 09884067846",N/A, N/A,,,Dr. Gandhi Mahalingam,N/A,9884067846,nungiaalab@gmail.com,MBBS,Charity,YES,NO,24x7,43/28c,16-03-1989,31-12-2017,13.054067,80.239828
1978,Sree Venkateswara Blood Bank,Tamil Nadu,CHENNAI,Chennai,"158, Mannarswamy Kovil Street
Royapuram
Chennai, Tamil Nadu",600013,044 25960226  ,"09841067775, 09786631490",N/A,N/A,drkselvarajan@yahoo.co.in,,Dr. Sivarajan,N/A,9841067775,drkselvarajan@yahoo.co.in,"MBBS, DMRT",Private,NO,NO,24x7,48/28c,05-02-1999,2012,13.109828,80.281945
1979,CSI Rainy Multi Speciality Hospital,Tamil Nadu,CHENNAI,Chennai,"45, GA Road, Old Washermanpet, Chennai, Tamil Nadu ",600021,044 40505050,,,,,http://www.csirainyhospital.com,,,,,,Private,NO,NO,24x7,,,,13.11812,80.290511
1980,Dhanvandri Blood Bank and Research Centre of Sreemahalakshmi Charitable Health Trust,Tamil Nadu,CHENNAI,Chennai,"F-1, 52A, T.Nagar, S W Boag Rd,CIT Nagar, Chennai, Tamil Nadu",600017,"044 24310660, 044 24310610",N/A,N/A,N/A,siva_ramank@yahoo.co.in,,Dr. Jeyakumaresan,N/A,9445250394,siva_ramank@yahoo.co.in,MBBS,Charity,YES,YES,24x7,174/28c,01-Dec,16-Dec,13.031013,80.231629
1981,ACS General Hospital ,Tamil Nadu,CHENNAI,Chennai,"Run by Dr MGR Educational Reaserch Institute, Poonamalle High Road, Chennai- Bangalore Highway NH4, Velappanchava
Chennai, Tamil Nadu ",600077,"044 23782176, 044 23782186, 044 26802133",,,,,http://www.acsmch.ac.in,,,,,,Private,NO,NO,24x7,,,,13.06852,80.131421
1982,Muthukumaran Medical College Hospital and Research Institute,Tamil Nadu,CHENNAI,Chennai,"Chikkarayapuram, Chennai, Tamil Nadu",600069,"044 66344000, 044 24784000",N/A,N/A,N/A,drramarao4@yahoo.com,,Dr. Ramarao,N/A,9941252447,drramarao4@yahoo.com,MBBS,Private,YES,NO,24X7,308/28c,02-02-2010,02-02-2020,13.017931,80.108969
1983,Tagore Medical College Hospital Blood Bank,Tamil Nadu,CHENNAI,Chennai,"Vandalur - Kelambakkam Road, Melakkottaiyur Post, Near Vandalur, Rathinamangalam, Chennai, Tamil Nadu",600127, 044 30101111,"9551757371, 9443704267",N/A,N/A,pathology@tagoremch.com,http://www.tagoremch.com,Dr. Ponnusamy.V,N/A,9443704267,pathology@tagoremch.com,MBBS,Private,YES,NO,24x7,312/28c,07-09-2010,06.09.2015,12.860204,80.291655
1984,Fortis Malar Hospitals Limited Blood Bank,Tamil Nadu,CHENNAI,Chennai,"52, First Main Road, Gandhi Nagar, Adyar",600020,044 42892222,9176633665,044 42892222,N/A,bloodbank.malar@fortishealthcare.com,http://www.fortismalar.com/,Dr. Jyothsna Codady,044 42892222,9840064787,bloodbank.malar@fortishealthcare.com,MBBS,Private,YES,NO,24X7,313,21-10-2010,20-10-2015,13.01006,80.258702
1985,Madha Medical College and Hospital Blood Bank,Tamil Nadu,CHENNAI,Chennai,"State Highway 113,Thandalam,Kovur, Harijana Colony
Chennai, Tamil Nadu",600128,044 24780333  ,8148077777,,,,http://www.madhagroups.org,,,,,,Private,NO,NO,24x7,,,,13.004678,80.112061
1986,Billroth Hospitals Limited Blood Bank,Tamil Nadu,CHENNAI,Chennai,"No.56 & 57, New Door No,5& AMP:7 Gajapathy Street, Shenoy Nagar, Chennai",600030,044 42921767,9840538108,N/A,N/A,bloodbank1@billrothhospital.com,http://www.billrothhospitals.com,Dr. K.Selvarajan,044 42921767,9841067775,bloodbank@billrothhospital.com,"MBBS.,DCP",Private,YES,YES,24x7,365/28c,28-10-2014,28-10-2019,13.075671,80.227297
1987,Government Stanley Hospital Blood Bank,Tamil Nadu,CHENNAI,Chennai,"305 OSH Rd, Royapuram, Chennai, Tamil Nadu",600001,044 25284941,9840053283,N/A,N/A,N/A,http://www.stanleymedicalcollege.ac.in/,Dr. RajKumar,N/A,9840053283,N/A,"MBBS,DCP",Government,YES,YES,24X7,12/28c,N/A,N/A,13.105854,80.285439
1988,M/S SRM Institutes For Medical Science,Tamil Nadu,CHENNAI,Chennai," No.1 Block B, First Floor,
Jawaharlal Nehru Salai, ( 100 feet road) 
Vadapalani",600026,044 23626815,,,,transfusionmedicine@simshospitals.com,,,,,,,Private,YES,YES,,,,,13.05176,80.2117131
1989,Government Kasturba Gandhi Hospital Blood Bank,Tamil Nadu,CHENNAI,Chennai,Chennai,600008,,,,,,,,,,,,Government,,,,,,,13.0743539,80.2565183
1990,Sree Balaji General Hospital Blood Bank,Tamil Nadu,CHENNAI,Chrompet,"7, Works Road, Chrompet,Chennai",600044,044 22415600  044 2241 5603,N/A,N/A,N/A,,http://www.sbmch.ac.in,,,,,,Private,NO,NO,24x7,,,,12.954308,80.137703
1991,Indian Red Cross Society Blood Bank,Tamil Nadu,CHENNAI,Egmore,"Tamil Nadu Branch, No, 50 Montieth Road,Egmore",600008,"044 28554425, 044 28594888,","09443076418, 08754040286, 09444441898",N/A,N/A,,,,,,,,Charity,,,N/A,,,,13.074877,80.255511
1992,The Tamil Nadu Dr. MGR Medical University Blood Bank,Tamil Nadu,CHENNAI,Guindy,"69, Anna Salai, Guindy,Chennai",600032,0442 22353546  044 2235 3547,,N/A,N/A,,http://www.tnmgrmu.ac.com,Dr. P. Arumugam,N/A,9445098949,arumugham.p@tnmgrmu.ac.in,"MBBS, MD",Government,YES,YES,24x7,191/28C,01-01-2008,31-12-2012,13.009896,80.218188
1993,ESI Hospital Blood Bank,Tamil Nadu,COIMBATORE, Varadharajapuram,"ESI Hospital, Kamarajar Road, Uppilipalayam, Varadharajapuram(P.O)",641015, 0422 2300871,9788172927,N/A,N/A,ictcesicbe@gmail.com,,Dr. R. Ravi Chandran,N/A,9442016147,drrraviesi@gmail.com,MBBS,Government,NO,NO,24x7,106,31-03-1997,31-12-2017,11.009114,77.023704
1994,Coimbatore Medical College Hospital Blood Bank,Tamil Nadu,COIMBATORE,Coimbatore,"Trichy Road, Kallimadu, Coimbatore",641018,"0422 2301393, 0422 230 0871",9843193801,N/A,N/A,bloodbankcmch@gmail.com,http://www.cmccbe.ac.in/,Dr. Mangayarkarasi,N/A,9486989675,bloodbankcmch@gmail.com,"MBBS, DCP, PGDHMS",Government,YES,NO,24x7,360/28c,13-06-1955,07-03-2018,10.994861,76.969577
1995,KG Hospital Blood Bank,Tamil Nadu,COIMBATORE,Coimbatore,"5, Government Arts College Road, Coimbatore",641018,"0422 2212121, 0422 2212129",9486499369,Aircel-155/ Vodafone-255,0422 2211212,,,Dr. Vivega Priyadharshini,N/A,9789945687,jvanand.cbe@gmail.com,"MBBS, MD (Transfusion Medicine)",Charity,YES,NO,24x7,22/28c,23-01-1998,31-12-2016,11.000435,76.971556
1996,PSG Hospital Blood Bank,Tamil Nadu,COIMBATORE,Coimbatore,"Avinashi Road, Kalluri Nagar, Peelamedu, PSG Medical College And Hospital Campus, Coimbatore",641004,0422 2570170,N/A,N/A,N/A,pathology@psgimsr.ac.in,http://www.psghospitals.com,Dr. Prasanna N Kumar,N/A,8220051590,pathology@psgimsr.ac.in,"MBBS, MD (Pathology)",Charity,YES,YES,24x7,28/28c,20-08-1991,17-08-2019,11.018766,77.007145
1997,G. Kuppusamy Naidu Memorial Hospital Blood Bank,Tamil Nadu,COIMBATORE,Coimbatore,"P.B. No. 6327, Nethaji Road, Pappanaickenpalayam,
Coimbatore",641037,"0422 4305336, 0422 224 5000",093455 02499,0422 2245000,N/A,bloodbank@gknmh.org,http://www.gknmhospital.org,Dr. Ram Ganesh,N/A,9840364684,ramganesh@gknmh.org,MD (Pathology),Private,YES,YES,24x7,23/28c,1995,30-06-2015,11.01277,76.980509
1998,Ramakrishna Hospital Blood Bank,Tamil Nadu,COIMBATORE,Coimbatore," No. 395 Sarojini Naidu Road , New Siddhapudur, Coimbatore ",641044,0422 450 0000,8870157558,N/A,N/A,docraj66@gmail.com,http://www.sriramakrishnahospital.com,Dr. S. Krishnaraj,N/A,9750984100,docraj66@gmail.com,MBBS,Charity,YES,YES,24x7,71/28c,20-01-1996,31-12-2016,11.023686,76.976713
1999,Ramana Gounder Medical Trust Hospital Blood Bank,Tamil Nadu,COIMBATORE,Coimbatore,"Mettupalayam Road, S. F. No. 47 and 48 Thudaiyalur ",34,"0422 2642488, 0422 2642435",N/A,N/A,N/A,bloodbank@rgmt.org,,Dr. P. Muthulakshmi,N/A,9585511280,bloodbank@rgmt.org,"MBBS, DCH",Charity,YES,NO,24x7,335/28c,30-01-2001,25-06-2017,11.07054,76.942457
2000,Ganga Hospital Blood Bank,Tamil Nadu,COIMBATORE,Coimbatore,"No. 313, Mettupalayam Road, Saibaba Koil, Coimbatore ",641043,0422 4250000  0422 248 5000,N/A,N/A,N/A,gangabloodbank@yahoo.in,,Dr. Shyam Kumar,N/A,9843255273,gangabloodbank@yahoo.in,"MBBS, DCP",Private,YES,NO,24x7,198,09-07-2002,09-07-2012,11.025162,76.952501
2001,Kongu Nadu Hospital Private Limited Blood Bank,Tamil Nadu,COIMBATORE,Coimbatore,"336 to 353 Dr. Rajendra Prasad Road, (100 feet Road) 11th St, Tatabad, Coimbatore",641012,"0422 4316000, 0422 2494303",N/A,N/A,N/A,,,,,,,,Private,,,24x7,,,,11.018134,76.960595
2002,Lions Club of Coimbatore Legend Blood Bank Research Centre,Tamil Nadu,COIMBATORE,Coimbatore,"Red Rase Tower No.422 DB Road, R.S. Puram",641002,"04222477373, 04222470046",N/A,N/A,N/A,cbe_lionsbloodbank@yahoo.co.in,,Dr.Rajalakshmi,N/A,9842255065,cbe_lionsbloodbank@yahoo.co.in,MBBS,Charity,YES,NO,24X7,264,18.10.2005,18.10202,11.005808,76.951074
2003,Shanthi Social Services Medical Centre Blood Bank,Tamil Nadu,COIMBATORE,Coimbatore,"Neelikonampalayam, Coimbatore ",641005,0422 2576122,9629297329,N/A,N/A,bloodbank@shanthisocialservice.org,,Dr. Ramasamy Krishnan,N/A,8489944126,bloodbank@shanthisocialservice.org,"BSC, MBBS, MRCP (UK)",Private,YES,NO,24x7,319,20-03-2011,20-02-2016,11.003734,77.038048
2004, Kuriji Hospital Blood Bank (A Unit of Vangal Amman Health Service Limited),Tamil Nadu,COIMBATORE,Coimbatore,"522/3, Udayampalayam Road, Sowripalayam Post",641028,0422 2562744,9629297329,N/A,N/A,kurinjihospital@gmail.com,,Dr. Saranya,N/A,9361694428,kurinjihospital@gmail.com,"MBBS, MD (Anaesthesia)",Private,NO,NO,24x7,321,02-03-2011,01-03-2016,11.019604,76.994964
2005,Sree Abirami Hospital Private Limited Blood Bank,Tamil Nadu,COIMBATORE,Coimbatore,"No. 33, Madukkarai Road, Sundarapuram, Coimbatore",641024,0422 246 6666,N/A,9750972993,0422 2674367,abiramihospital@gmail.com,,Dr. Vivekanandan Ramalingam,N/A,9842853150,abiramihospital@gmail.com,MBBS,Private,YES,NO,24x7,237,19-07-2011,18-07-2016,10.952537,76.973216
2006,Government Hospital Blood Bank,Tamil Nadu,COIMBATORE,Coimbatore," Ooty main road, Mettupalayam, Coimbatore",641301,04254 272275,098437 06590,N/A,N/A,bloodbankghmtp@gmail.com,,Dr. Selvaraj,N/A,9443014450,bloodbankghmtp@gmail.com,MBBS,Government,NO,NO,24x7,225,18-11-2003,18-11-2018,11.304849,76.937118
2007,Sheela Hospitals Blood Bank,Tamil Nadu,COIMBATORE,Coimbatore,"No. 117, East Power House road, Tatabad,Coimbatore",641012,0422 4334500,094435 51497,N/A,N/A,sheelahospital@gmail.com,http://www.sheelahospital.in,Dr. Govindaraj,N/A,9843040249,sheelahospital@gmail.com,"BSc, MBBS",Private,NO,NO,24x7,7,06-10-1994,31-12-2016,11.018303,76.960319
2008,Kovai Medical Centre and Hospital Blood Bank,Tamil Nadu,COIMBATORE,Coimbatore,"3209 Avinashi Road, Sitra, Coimbatore",641014,0422 4323800,"097897 28148, 09843017817",N/A,N/A,drchinsarun@gmail.com,http://www.kmchhospitals.com,Dr. Balakrishnan Prema,N/A,9842598952,drchinsarun@gmail.com,MBBS,Private,YES,NO,24x7,68,28-09-1996,31-12-2016,11.042085,77.040324
2009,IMA Rotary Midtown Mahaveer Blood Bank,Tamil Nadu,COIMBATORE,Coimbatore," 92, Syrian Church Road, RS Puram, Coimbatore  ",641001,"0422 6513322, 0422 6563322, 0422 247 1824",097879 69099,N/A,N/A,imabloodbankcbe@gmail.com,http://www.ima-india.org,Dr. Raghu,N/A,9842223115,imabloodbankcbe@gmail.com,"MBBS, MD (Pathology)",Private,YES,NO,24x7,346,23-12-2004,25-04-2018,11.005732,76.960893
2010,The Coimbatore Bio Medical Services Blood Bank,Tamil Nadu,COIMBATORE,Coimbatore,"No.190A, Bashyakarlu Road East, R.S. Puram",641002,0422 2552297,097913 60516,N/A,N/A,poornashloka@yahoo.com,,Dr. Prema Nalini ,N/A,7708670889,poornashloka@yahoo.com,MBBS,Charity,NO,NO,24x7,135/28c,1980,2016,11.014581,76.953349
2011,Karpagam Hospital Blood Bank,Tamil Nadu,COIMBATORE,Coimbatore,"Pollachi Main Road, Othakkalmandapam, Coimbatore",641032,0422 6554443,N/A,N/A,N/A,karpagamhospital@gmail.com,http://www.karpagam.ac.in,Dr. Karthikeyan,N/A,9994743277,karpagamhospital@gmail.com,"MBBS, MD (Pathology)",Charity,YES,NO,24x7,320,N/A,22-02-2016,10.885007,77.008223
2012,Swaasam Blood Bank (Run by Any time Blood Voluntary Association),Tamil Nadu,COIMBATORE,Coimbatore,"Shop No. 9/3, Sakthi estate, M. G Road, Avarampalayam, 
Coimbatore",641006,N/A,"099425 44454, 09942344454",N/A,N/A,swasmbloodbank@gmail.com,http://www.anytimebloodvoluntaryorganization.org,Dr. Karthik Kumar,N/A,9894265505,karthic_rulz@yahoo.co.in,MBBS,Charity,NO,NO,24x7,325,04-05-2011,03-05-2016,11.024262,76.984656
2013,RVS Hospital Blood Bank,Tamil Nadu,COIMBATORE,Coimbatore,"242-B, Trichy Rd,Mathiyalagan Nagar,Sulur,  ",641402,"0422 2682942, 0422 2682943",,,,,,,,,,,Private,NO,NO,,,,,11.028425,77.134135
2014,Government Hospital Blood Bank,Tamil Nadu,COIMBATORE,Pollachi,"Government Hospital, NH209,Mahalingapuram,Udumalpet Road,Pollachi",642001,04259 229322,9865305136,N/A,N/A,cmopollachi@gmail.com,,Dr. E. Raja,N/A,9443748025,CMOPOLLACHI@GMAIL.COM ,"MBBS, DCH",Government,NO,NO,24x7,155/28C,22-10-1998,31-12-2011,10.658046,77.009584
2015,Pollachi Blood Bank Services,Tamil Nadu,COIMBATORE,Pollachi,"No : 6, Kanitha methai Ramaujam Street, Venkatesa Colony, Pollachi",642001,04259 223414,98430181803,N/A,N/A,willpharma_india@yahoo.com,,Dr. Symalaya Devi,N/A,98430181803,willpharma_india@yahoo.com,MBBS,Private,NO,NO,24x7,23/28C,20-07-1999,01-01-2013,10.665479,77.007079
2016,Rajah Muthiah Medical College and Hospital Blood Bank,Tamil Nadu,CUDDALORE,Chidambaram,"Annamalai Nagar, Chidambaram",608202,"04144 238147, Extn 28",9944669799,N/A,N/A,pathormmcau2014@gmail.com,,Dr. P. Vishwanadhan,N/A,9865038041,pathormmcau2014@gmail.com,"MBBS, MD (Pathology)",Private,YES,YES,24x7,41/28c,08-12-1995,31-12-2017,11.398477,79.718821
2017,Kamaraj Government Hospital Blood Bank,Tamil Nadu,CUDDALORE,Chidambaram,"S.P.Kovil Street, Chidamabaram bus stand, Chidambaram",638001,04144 223099,0 9842381535,N/A,N/A,bloodbankcdm@gmail.com,,Dr.Pandian,N/A,0 9842381535,bloodbankcdm@gmail.com,"MBBS,MD(medicine)",Government,NO,NO,24X7,101/28c,31.3.1997,31.12.2017,11.394771,79.699614
2018,Hi Tech Blood Bank and Research Foundation,Tamil Nadu,CUDDALORE,Cuddalore,"No. 2, Chinnappa Mudali Street Manja Kuppam",1,04142 230977,N/A,N/A,N/A,hitechbloodbank2003@gmail.com,,Dr. Arunachalam,N/A,9445550993,hitechbloodbank2003@gmail.com,MBBS,Private,NO,NO,8am to 5pm,213/28c,16-05-2003,15-05-2017,#N/A,#N/A
2019,Government Hospital Blood Bank,Tamil Nadu,CUDDALORE,Cuddalore,"Government  Hospital, Viruduchalam (T.K)",606001,04143 231766,9688034114,N/A,N/A,vdmbloodbank@gmail.com,,Dr. Thirunavukkarasu,N/A,9688052027,vdmbloodbank@gmail.com,MBBS,Government,NO,NO,24x7,432/28c,31-03-1997,2012,11.515577,79.316767
2020,Government Head Quarters Hospital Blood Bank,Tamil Nadu,CUDDALORE,Cuddalore,"Nellikuppam road, Cuddalore",607001,04142 292052,9443253439,N/A,N/A,cuddalorebloodbank@gmail.com ,,Dr. Sai Leela,N/A,9443253439,cuddalorebloodbank@gmail.com ,"MBBS, DGO",Government,NO,NO,24x7,102/28c,N/A,31-12-2017,11.756684,79.759266
2021,Blood Donor Association Blood Bank,Tamil Nadu,CUDDALORE,Cuddalore,"No. 17A, Hospital Road , Cuddalore",607001,"04142 231711,  04142 231715","09367612970, 09360633822",,,,,,,,,,Private,NO,NO,24x7,,,,11.7571043,79.7615848
2022,Neyveli Lignite Corporation,Tamil Nadu,CUDDALORE,Neyveli,"NH532, M.K Colony, Neyveli, Tamil Nadu",607802,"04142 2522784, 04142 28364613",9791557028,N/A,04142 252784,nlcghbloodbank@gmail.com,http://www.nlcindia.com,Dr. Srinivas Suyamprakash,N/A,9443051569,path24ssp@yahoo.co.in,"MBBS, MD ( Pathology)",Government,NO,NO,24x7,129,20-05-1997,31-12-2017,11.537043,79.467181
2023,Dharmapuri Medical College Hospital Blood Bank,Tamil Nadu,DHARMAPURI,Dharmapuri,"3/29A, Nethaji Bye Pass Road, Kamalakhsmi Colony,
Dharmapuri",636701,04342 231748,9443166388,N/A,N/A,bloodbankdpi@gmail.com,,Dr. Chandra Sekar,N/A,9443166388,bloodbankdpi@gmail.com,"MBBS, DLO",Government,NO,NO,24x7,255/28c & present 342/28c,31-03-1997,09-01-2018,12.122192,78.156738
2024,Ashok Blood Bank and Clinical Laboratory,Tamil Nadu,DHARMAPURI,Dharmapuri,"No. 63A, Sengodipuram Road IInd Floor, Dharmapuri",636702,0434 2260627,9843260627,N/A,N/A,ashok123.ak@gmail.com,,Dr. R.N. Ramamoorthy,N/A,8148458172,ashok123.ak@gmail.com,MBBS,Private,NO,NO,24x7,186/28c,01-01-2001,31-12-2016,12.132581,78.161182
2025,Om Sakthi Blood Bank,Tamil Nadu,DHARMAPURI,Dharmapuri,"No 4 Sengodipuram, Dharmapuri",636701,"04342 260388, 04342 261388",93456102799,N/A,N/A,omsakthihospital@gmail.com,,Dr. Ranganathan,N/A,93456102799,omsakthihospital@gmail.com,"MBBS, MD, DGO",Private,NO,NO,24x7,207/28c,28-08-2007,22-07-2012,12.132676,78.161652
2026,Christian Community Health Center and Hospital Blood Bank,Tamil Nadu,DINDIGUL,Ambilikai,"Shanthipuram, Ambilikkai, Tamil Nadu ",624612,04553 249050,8940487508,N/A,N/A,pbjacobcherian@gmail.com,,Dr. Sam Abraham,N/A,9843216881,pbjacobcherian@gmail.com,"MBBS, DNB",Charity,NO,NO,24x7 ,148,17-04-1998,2016,10.545977,77.725236
2027,St.Joseph Hospital Blood Bank,Tamil Nadu,DINDIGUL,Dindigul,"Chennai Theni Highway, Nehruji Nagar",624001,"04512 421130, 04512 426091, 04512 430399",9942018383,N/A,N/A,N/A,,Dr. Sudha Anand,N/A,9710411396,N/A,"MBBS, DNB",Private,NO,NO,24x7,83/28c,N/A,31-12-2015,10.370257,77.980644
2028,Indian Blood Bank,Tamil Nadu,DINDIGUL,Dindigul,"2/2 Spencor&#39;s Compound
",20,0451 2429393,N/A,N/A,N/A,djegadesh78@gmail.com,,Dr. Arumugam,N/A,9566700474,djegadesh78@gmail.com,MBBS,Private,NO,NO,N/A,266/28c,N/A,2011,10.3605756,77.978264
2029,Dindigul Blood Bank,Tamil Nadu,DINDIGUL,Dindigul,"No. 28/2, Veppan thoppu street, Palani Road, Dindigul",624001,0451 2427143   ext. 2429812,9443177063,N/A,N/A,dglbloodbank99@gmail.com,,Dr. S.A Jeyaram,N/A,9150077055,dglbloodbank99@gmail.com,"MBBS, MCh",Private,YES,NO,24x7,298,09-04-1999,04-02-2014,10.366656,77.977708
2030,Government Head quarters Hospital Blood Bank,Tamil Nadu,DINDIGUL,Dindigul,"Trichy Road,New bus stand, Opp to North police station
",624001,04511 2424600,9443447160,N/A,N/A,bloodbankdindigul@gmail.com,,Dr. Manoharan,N/A,9443447160,bloodbankdindigul@gmail.com,MBBS,Government,NO,NO,24x7,N/A,N/A,N/A,10.363893,77.976364
2031,Leonard Hospital Blood Bank,Tamil Nadu,DINDIGUL,Dindigul,"SH 155, Arunachalapuram, Batlagundu",624202,04543 262670,099442 60622,N/A,N/A,holyleonard@gmail.com,,Dr. S.R. Jacquline,N/A,9894743845,holyleonard@gmail.com,"MBBS, MS",Charity,NO,NO,24x7,179/28c,31-10-2000,31-12-2016,10.165505,77.760672
2032,Palani Blood Bank (Run by Annai Educational Trust),Tamil Nadu,DINDIGUL,Dindigul,"49, Dindigal Road, 1st Floor, Opposite to Government  Hospital, Dindigul",624601,04545 245501,"09150181501, 09842925501",N/A,N/A,palanibloodbank@gmail.com,,Dr. M. Karuppusamy,N/A,9842142132,palanibloodbank@gmail.com,MBBS,Charity,NO,NO,24x7,341/28c,2012,31-12-2016,10.3638935,77.9763633
2033,Kasturba Hospital Blood Bank,Tamil Nadu,DINDIGUL,Gandhigram,Gandhigram,624302,04510 2452328,N/A,N/A,N/A,,,,,,,,Charity,NO,NO,N/A,,,,10.2866333,77.9318668
2034,Christian Fellowship Hospital Blood Bank,Tamil Nadu,DINDIGUL,Oddanchataram,"Dindigul Main Road, Oddanchathram",624619,"04553 241226,04553 241379",9994892496,N/A,N/A,cfh@sancharnet.in,http://www.cfhospital.com,Dr. Valsa Theriyan,N/A,9994892496,cfh@sancharnet.in,"MBBS, DLO",Charity,NO,NO,24x7,230/28c,,13-01-2014,10.48803,77.751707
2035,Government Hospital Blood Bank,Tamil Nadu,DINDIGUL,Palani,"Dindigul Road, South Anna Nagar, Palani",624601,04542 248553,093446 60502,N/A,N/A,bloodbankghpalani@gmail.com,,Dr. T.P Murugeshkumar,N/A,7708787590,bloodbankghpalani@gmail.com,"MBBS, MS",Government,NO,NO,24x7,96/28C,01-01-2007,31-12-2012,10.448498,77.516908
2036,Erode Blood Bank and Clinical Laboratory,Tamil Nadu,ERODE,Erode,"No. 43, Patel Road, 1st Floor,Erode",638001,04242 253163,9841011418,N/A,N/A,N/A,,Dr. N. Loganthan,N/A,9443498774,leelango@yahoo.com,MBBS,Private,YES,NO,24x7,3/28C,19-08-1994,15-08-2012,11.336191,77.718506
2037,Kongu Blood Bank,Tamil Nadu,ERODE,Erode,"TS No. 51/1E Ist floor, Perundurai Road",638011,"0424 2263537, 0424 2263536",N/A,N/A,N/A,,,N/A,N/A,N/A,N/A,N/A,Private,,,N/A,N/A,N/A,N/A,11.340634,77.715943
2038,Lotus Blood Bank,Tamil Nadu,ERODE,Erode,(Lotus Apollo Hospital) Poonthurai Main Road,638002,04242 282828,N/A,9842766666,4242282849,drusha@gmail.com,,Dr. S. Usha,N/A,9952362196,drusha@gmail.com,"MBBS, DGO",Private,NO,NO,24x7,200,27-05-2012,26-05-2017,11.326009,77.730096
2039,Lions Club of Erode Supreme Charitable Trust Blood Bank,Tamil Nadu,ERODE,Erode,"No. 27 S.K.C Road, Erode ",638001,"0424 2257744, 0424 2277733, 0424 2277732",9443931711,N/A,N/A,lionsbberd@gmail.com,,Dr. Chitra,N/A,9842785555,N/A,"MBBS, DA",Charity,YES,NO,24x7,353,26-12-2006,07-05-2014,11.3351974,77.721947
2040,Dhanvantri Charitable Trust Blood Bank,Tamil Nadu,ERODE,Erode,"No.1. Old Post office Road, Sathyamangalam",638001,04295 2233322,N/A,N/A,N/A,,,,,,,,Charity,,,N/A,,,,11.3351529,77.7271298
2041,IRT Perunthurai Medical College Hospital Blood Bank,Tamil Nadu,ERODE,Erode,"Perundurai, Erode ",638053,04294 220910  ,N/A,N/A,N/A,N/A,http://www.irtpmc.ac.in,Dr. G. Vijaya Lakshmi ,N/A,9489644074,N/A,"MBBS, MD",Government,NO,NO,24x7,75,17-01-1997,31-12-2012,11.280826,77.567496
2042,Idayam Hospitals Erode Limited Blood Bank,Tamil Nadu,ERODE,Erode,"No.15, Palaniappa Street",638009,04242 256456,9842849575,,,,,,,,,,Private,NO,NO,24X7,,,,11.3389253,77.7163512
2043,Sri Saanthi Blood Bank (Run by Kaveri trust),Tamil Nadu,ERODE,Erode ,"6-9, kandappa Lane, Brough Road, Erode",638001,,,,,,,,,,,,Charity,,,,,,,11.3393439,77.7217171
2044,Government Head quarters Hospital Blood Bank Erode,Tamil Nadu,ERODE,Erode,Erode,,,,,,,,,,,,,Government,,,,,,,11.3410364,77.7171642
2045,Government Hospital Blood Bank,Tamil Nadu,ERODE,Gobichettipalayam,"Government Hospital, Gobichettipalayam",638452,04285 227153,"09842367605, 09442120800",N/A,N/A,bbghgobi@gmail.com,,Dr. S. Manimozhi,N/A,9442120800,mozhi@gmail.com,MBBS,Government,NO,NO,24x7,180,13-01-2000,31-12-2011,11.456457,77.428786
2046,Sri Ram Blood Bank,Tamil Nadu,ERODE,Gobichettipalayam,"4/28, Govt Hospital Road, Gobichettipalayam, ",638452,"04285 222596, 04285 222 224",9443014094,N/A,N/A,sreramdc@gmail.com,,Dr. S. Kothanda Raman,N/A,9443014094,sreramdc@gmail.com,"MSC, Medical Biochemistry",Private,NO,NO,24x7,190,01-01-2003,31-12-2007,11.455893,77.42957
2047,Chengalpattu Medical College Hospital Blood Bank,Tamil Nadu,KANCHIPURAM,Chengalpattu,"Anna Nagar, Chengalpattu",603001,"044 27431909, 044 2743 1221",9445142097,N/A,N/A,bbcmchcpt@gmail.com,,Dr. Susan Wilson,N/A,9445142097,bbcmchcpt@gmail.com,"MBBS, DCP",Government,YES,NO,24x7,110/28c,N/A,31-12-2017,12.677617,79.98029
2048,Shri Sathya Sai Medical College and Research Institute Blood Bank,Tamil Nadu,KANCHIPURAM,Chengalpattu,"Tiruporur - Guduvancherry Main Road, Ammapettai, Chengalpat",603108,044 27440700044 27440346   044 2744 0347,9842139353,N/A,N/A,sathyasais@yahoo.in,,Dr. Revathi sri,,9994164995,sathyasais@yahoo.in,MD (Pathology),Private,YES,NO,24x7,301,29-05-2009,28-05-2019,12.746312,80.132393
2049,Essar Blood Bank,Tamil Nadu,KANCHIPURAM,Chengalpet,"Arumbakkam Sri AS rajagopalan trust,  No 16. alagesan Road, Vedachalam Nagar",,,,,,,,,,,,,Private,,,,,,,#N/A,#N/A
2050,"Military Hospital Blood Bank, St. Thomas Mount",Tamil Nadu,KANCHIPURAM,Chennai,"Defence Colony 1st Ave,Ekkatuthangal, Chennai",600016,044 25316500,9840362852,,,,,,,,,,Government,YES,NO,24X7,,,,13.024872,80.199193
2051,Meenakshi Medical College Hospital and Research Institute Blood Bank,Tamil Nadu,KANCHIPURAM,Kanchipuram,"Enathur, Karrapettai Post, Kanchipuram",631552,"044 27264096, 044 27261339",N/A,N/A,044 27261098,"mmchri@gmail.com, bbmmchri@gmail.com",http://www.mmchri.res.in,Dr. Thamilselvi,N/A,9444685232,"mmchri@gmail.com, bbmmch@gmail.com","MBBS, DCP",Private,YES,NO,24x7,204/28c,01-11-2002,01-11-2017,12.872611,79.723864
2052,Government Aringnar Anna Memorial Cancer Hospital Blood Bank,Tamil Nadu,KANCHIPURAM,Kanchipuram," Bangalore High Road, Karaipettai",631552,"044 27264244, 044 27264246",8220328529,N/A,N/A,bloodbankkanchipuram@gmail.com,,Dr. Karnan Srinivasan,N/A,9842270235,karnan.srinivas@gmail.com,"MBBS, MS",Government,NO,NO,24x7,111/28-c,01-01-2008,31-01-2012,12.86981,79.715799
2053,Government Head Quarters Hospital Blood Bank,Tamil Nadu,KANCHIPURAM,Kanchipuram,"Hospital Road, Kanchipuram",631501,"044 27222307, 044 272223308",8220328529,N/A,N/A,bloodbankkanchipuram@gmail.com,,Dr. Kalpana,N/A,9865233932,N/A,"MBBS, DO",Government,NO,NO,24x7,361,N/A,31-12-2017,12.832978,79.710277
2054,Annai Medical College and Hospital Blood Bank (Run by Sri Devi Karumari Amman Educational Trust),Tamil Nadu,KANCHIPURAM,Kanchipuram,"1st Floor Casuality Block, Dr. G. Jayarama Nagar, Pennatur, Sri Perumbudur Taluk",602117,044 27162100,1800 121 3010,N/A,N/A,,http://www.annaiimedicalcollege.com,N/A,N/A,1800 121 3010,N/A,N/A,Charity,NO,NO,24x7,N/A,N/A,N/A,12.97068,79.976376
2055,SRM Medical College Hospital Blood Bank,Tamil Nadu,KANCHIPURAM,Kattangulathur,"SRM Nagar, Potheri, Kattankulathur, Kancheepuram",603203,"044 27455707, 044 2745 5510",N/A,N/A,N/A,N/A,http://www.srmuniv.ac.in,Dr. Lalitha C Pilli,N/A,9840233377,lalithacpilli@yahoo.com,"MD, DCP, DO",Private,YES,NO,24x7,244,13-08-2004,13-08-2009,12.822849,80.048734
2056,Chettinad Hospital and Research Institute Blood Bank,Tamil Nadu,KANCHIPURAM,Kelambakkam,"SH 121, Rajiv Gandhi Salai, Kelambakkam ",603103,044 4741000,9443025241,N/A,N/A,,http://www.chettinadhospitals.com,N/A,N/A,9443025241,N/A,N/A,Private,YES,,24x7,N/A,N/A,N/A,12.794973,80.216129
2057,Madurantakam Government Hospital Blood Bank,Tamil Nadu,KANCHIPURAM,Madurantakam,"Hospital Road, Madurantakam",603306,044 27555216,"09841419802, 09952523743",N/A,N/A,ghmadhurantagam@gmail.com,,Dr. P. Parthiban,N/A,9841419802,N/A,"MBBS, DLO",Government,NO,NO,24x7,227,30-09-2003,29-09-2013,12.50908,79.890064
2058,Karpaga Vinayaga Institute of Medical Sciences Blood Bank,Tamil Nadu,KANCHIPURAM,Maduranthagam,"GST Road, Chinna Kolambakkam, Palayanoor P.O.
Madurantagam Taluk.
",603308,044 27566050  044 2759 8484,N/A,N/A,N/A,,http://www.kids.edu.in/,,,,,,Private,,,24x7,,,,12.592392,79.911956
2059,Government Hospital Tambaram Blood Bank,Tamil Nadu,KANCHIPURAM,Tambaram,"Government Hospital Tambaram, GST Road, Chrompet",600044,044  22382400,9444084885,N/A,N/A,bloodbanktambram@gmail.com,,Dr. Premila,044  22382400,9444084885,bloodbanktambram@gmail.com,"MBBS, DGO",Government,NO,NO,24x7,73,04-12-1996,31-12-2016,12.9456,80.134345
2060,Saveetha Medical College and Hospital Blood Bank (A unit of Saveetha Institute of Medical and Technical Sciences,Tamil Nadu,KANCHIPURAM,Thandalam,"S.No. 302/1, Mavalur kuppam Village, Saveetha Nagar, Thandalam",602105,044 26810299,9842247997,N/A,N/A,,http://www.saveetha.com,,,,,,Private,,,24x7,,,,13.0282708,80.0157633
2061,Deen Dayal Hospital Blood Bank,Tamil Nadu,KANCHIPURAM,Thiruvallur,"No. 61, Deen Dayal Nagar, Kunnavalam Post, Tirupati Road,Thiruvallur Taluk,Tamil Nadu ",631210,044 27677700,,,,,,,,,,,Private,NO,NO,24x7,,,,13.177496,79.810762
2062,M/s Marthandam Blood Bank,Tamil Nadu,Kanyakumari,Kanya Kumari,"2/64, AIFB Hospital Building, Junction Main Road, Marthandam",,,,,,,,,,,,,Private,,,,,,,8.187809,77.40997
2063,Sree Mookambika Institute Medical Science Blood Bank,Tamil Nadu,Kanyakumari,Kanyakumari,"14-9C 15, Ist Floor, Medical College Hospital Building, Padanilam, Kulasekaram",629161,04651 2788250,094433 77601,N/A,N/A,,http://www.sreemookambikainstitute.com,N/A,N/A,N/A,N/A,N/A,Private,YES,,24x7,N/A,N/A,N/A,8.361102,77.292365
2064,Government Head Quarters Hospital Blood Bank,Tamil Nadu,Kanyakumari,Kanyakumari,"Padmanabhapuram, Thuckalay, Kanyakumari",629175,04651 256023,8012503145,N/A,N/A,N/A,,Dr. L.P Sastha,N/A,9446414747,N/A,MBBS,Government,NO,NO,24x7,323/28-c,30-03-2011,29-03-2016,8.247696,77.313237
2065,"M/S Indian Medical Centre, Dr Kumarsawamy Health Center",Tamil Nadu,Kanyakumari,Kanyakumari,"Perumal Puram, Kottaram Post",629703,,,,,,,,,,,,Private,,,,,,,8.1126807,77.5333326
2066,Catherine Booth Hospital Blood Bank (Run By The Salvation Army),Tamil Nadu,Kanyakumari,Nagarcoil,"M/s.  The Salvation Army Catherine Booth Hospital,
Arunachalam Colony, Nagercoil",629001,"04652 275516, 04652 275517",9443374501,N/A,04652 275489,oesolomon@gmail.com,,Dr. Ebenezer Solomon,N/A,9443374501,oesolomon@gmail.com,"MBBS, MD",Private,NO,NO,24x7,16,29-11-1994,31-12-2011,8.200027,77.43068
2067,Kanyakumari Medical College Hospital Blood Bank,Tamil Nadu,Kanyakumari,Nagercoil,"KGMCH,  Asaripallam",629003,04652 236949,"07598853127, 08012722728",N/A,4652238176,bbkgmch@gmail.com,http://www.kkmc.ac.in,Dr. S. Caroline Geetha,N/A,9486344442,N/A,"MBBS, DCP",Government,YES,NO,24x7,85,01-12-2004,30-11-2014,8.172512,77.392704
2068,AV Rajan Blood Transfusion Services Clinical and Research Laboratories,Tamil Nadu,Kanyakumari,Nagercoil,"No. 20/6-75 PWD Road, Rajappa Campus, Chettikulam, Nagercoil",629012,04652 225427,9944669799,,,,,,,,,,Private,NO,,,,,,#N/A,#N/A
2069,Royal Blood Bank  (Run by Royal Medical Trust),Tamil Nadu,Kanyakumari,Nagercoil,"No. 40/2 197 PWD Office Road, Peria Nadar Street, Nagerkoil",629001,04652 229903,,,,,,,,,,,Charity,NO,,,,,,#N/A,#N/A
2070,Kanya Blood Bank,Tamil Nadu,Kanyakumari,Nagercoil,"No.173 A/1, K.P. Road, Ramavarmapuram, Nagercoil",629 001,"04652 279850, 04652 273951",9443360716,N/A,N/A,kanyablood@rediffmail.com,,Dr. Moses Sundar Singh,N/A,094433 60716,kanyablood@rediffmail.com,"BSc, MBBS",Private,NO,NO,24x7,65,20-05-1996,31-12-2006,8.17554,77.429731
2071,Vivek Blood Bank,Tamil Nadu,Kanyakumari,Nagercoil," 253, K-11,  K.P. Road, Nagercoil",629003,"04652 230108, 04652 234408",N/A,N/A,4652221108,viveklaboratories@gmail.com,,Dr. Srinivasakannan,N/A,9843133308,viveklaboratories@gmail.com,"MBBS, MD",Private,YES,NO,24x7,131,02-06-1997,01-01-2003,8.184559,77.410413
2072,Dr. Jeyasekharan Medical Trust and Nursing Home Blood Bank,Tamil Nadu,Kanyakumari,Nagercoil,"No. 253, KP Road, Nagercoil, Kanyakumari, ",629003,"04652 230019,0465 230020,04652 230021  ",N/A,N/A,04652 230405,jeyasekhranmedicaltrust@gmail.com,http://www.jeyasekharanhospital.com,Dr. Ranjith Jeyasekharan,N/A,9443146355,jeyasekhranmedicaltrust@gmail.com,"MBBS, DMRD, MD",Charity,YES,NO,24x7,152,20-07-1998,17-01-2011,8.184416,77.409869
2073,Thangam Blood Bank (Run by Thangam Chartiable Community Health Trust) William Hospital,Tamil Nadu,Kanyakumari,Nagercoil,"No 252, II floor, william hospital complex, Krishnan Koil, Nagerkoil",629003,04652 277955,9442711334,N/A,N/A,N/A,,Dr. Burlington Alphonso,N/A,9443204537,N/A,MBBS,Charity,NO,NO,9 Am to 7 PM,265,26-10-2005,25-10-2010,8.191431,77.423288
2074,Bensam Hospital Blood Bank,Tamil Nadu,Kanyakumari,Nagercoil,"Kalliancaud, NH 66, Nagercoil",629003,"04652 232532, 04652 232533, 04652 232534, 04652 232535",094431 35977 ,N/A,N/A,bensamhospital2008@gmail.com,http://www.ebeneshbensam.com,Dr. Ebeneshbensam ,N/A,"09443135977, 09443204537",N/A,"MBBS, MS",Private,NO,NO,24x7,,,,8.189676,77.412207
2075,Lords Blood Bank (Run By Rajamony Memorial Educational Charitable Trust),Tamil Nadu,Kanyakumari,Nagercoil,"129, Main Road, Opposite to R.C. Church",629003,04651 231112,9894476132,N/A,N/A,lordsonkannan@gmail.com,,Dr. Michel Fangalen,N/A,9566915153,N/A,MBBS,Charity,NO,NO,24x7,310,25-02-2008,28-09-2015,8.1996352,77.3806119
2076,Siventhi Blood Bank (Siventhi Medical Trust),Tamil Nadu,Kanyakumari,Nagerkoil,"1/1 ? 344 -A, M.S. Road,  Nagarkovil",629003,"04652 221221, 04652 221331",9894216218,,,,,,,,,,Charity,NO,,24x7,,,,8.187809,77.40997
2077,Kanyakumari Medical Mission CSI Hospital Blood Bank,Tamil Nadu,Kanyakumari,Neyoor,"CSI Hospital, SH 180,Neyyoor",629802,04651 222222,,,,,,,,,,,Charity,NO,NO,24x7,,,,8.211518,77.302952
2078,Karur Blood Bank,Tamil Nadu,KARUR,Karur,"No. 196/29, Kamarajapuram",639002,"0432 4236177, 0432 4236188",N/A,N/A,N/A,jwilliamskbbjw@yahoo.com,,Dr. Doraisamy,N/A,9443136188,jwilliamskbbjw@yahoo.com,"MBBS, MS",Private,YES,NO,24x7,139,23-01-1998,05-07-2004,10.963696,78.069084
2079,Government Head Quarters Hospital Blood Bank,Tamil Nadu,KARUR,Karur,"Government Headquarters Hospital, Karur",639001,0432 4260197,"09751323125, 09751097848",N/A,N/A,karurgh@gmail.com,,Dr. R. Vasanthi,N/A,9443359523,karurgh@gmail.com,MBBS,Government,NO,NO,24x7,76/C,17-01-1997,31-12-2012,10.962277,78.080228
2080,M/S. Rainbow Blood Bank ( Run by rainbow Health &Educational Trust) ,Tamil Nadu,KARUR,Karur,"40 car street, Karur",639001,,,,,,,,,,,,Charity,,,,,,,#N/A,#N/A
2081,M/s Karur Voluntary Blood Bank and Laboratary,Tamil Nadu,KARUR,Karur,20 Kamachi Amman Koil Street,639001,,,,,,,,,,,,Charity,,,,,,,10.9637017,78.0690783
2082,M/S TCR Blood Bank ( Run by TCR hospital & Charitable Trust),Tamil Nadu,KRISHNAGIRI, Krishnagiri,"TCR Multi Speciality Hospital, No.1/450, Avvai Nagar,Near LIC, Krishnagiri.",635001,04343 239393,9585843555,,,tcrblood@gmail.com,http://www.tcrmultispecialityhospital.com,Dr. C. Soundara Rajan,04343-239393,9442301007,tcrhospital@gmail.com,MD (General Medicine),Charity,NO,NO,24x7,364,26-09-2014,25-09-2019,12.5186,78.2137
2083,Government Hospital Blood Bank,Tamil Nadu,KRISHNAGIRI,Hosur,"SH 17, Denkanikotta Road, Hosur, 
",635109,04344 222635,"099768 58388, 09443244005",N/A,N/A,ictchosur@gmail.com,,Dr. Navaneedhan,N/A,9445994855,susibloodbanksr@gmail.com,"MBBS, DCH",Government,NO,NO,24x7,226,18-11-2013,17-11-2018,12.72911,77.825456
2084,Arogya Blood Bank (A Unit of Arogya Seva Hospitals Private Limited),Tamil Nadu,KRISHNAGIRI,Hosur,"35 Opposite CSI church , Denkanikottai road,
New Temple Land Hudco, Shanthi Nagar East, Hosur",635109,04344 225555 ,N/A,N/A,N/A,bloodbank.hosur@kauveryhospital.com,,Dr. Guru Rao,N/A,8903669613,bloodbank.hosur@kauveryhospital.com,"MBBS, DCP",Private,NO,NO,24x7,359,31-07-2014,30-07-2019,12.728397,77.824389
2085,Life Care Voluntary Blood Bank (Run by Life Care Trust),Tamil Nadu,KRISHNAGIRI,Hosur,"Venus Arcade, No.2, Ground Floor and First Floor, Old Telephone Exchange Road, Near Parimalam School, Hosur",635109,04344 221716,8123533773,N/A,N/A,hosurlifecarebloodbank@gmail.com,,Dr. Anne rose,N/A,9686185152,N/A,"MBBS, MD (Pathology)",Charity,YES,NO,24x7,369,09-01-2015,08-01-2020,12.7278104,77.8268068
2086,Government Head Quarters Hospital Blood Bank,Tamil Nadu,KRISHNAGIRI,Krishnagiri,"Gandhi Road, Old pet, Krishnagiri",635001,04343 238880,"08807273816, 09444708946",N/A,N/A,krishnagiribs53@yahoo.in,,Dr. Tharaselvaraj,N/A,9442272507,krishnagiribs53@yahoo.in,MBBS,Government,NO,NO,24x7,165,07-06-1999,31-12-2012,12.524837,78.220022
2087,Karunya Hospital Blood Bank,Tamil Nadu,KRISHNAGIRI,Krishnagiri,"No.46,  Ist Cross Co-Operative Colony",635001,04343 235512,9842802199,N/A,N/A,N/A,,Dr. C. Manimegalai,N/A,9842802199,N/A,"MBBS, FCCP",Private,NO,NO,24x7,221,20-08-2003,18-08-2013,12.5180726,78.2185187
2088,Government Rajaji Hospital Blood Bank,Tamil Nadu,MADURAI,Madurai,"Government Rajaji Hospital, Madurai",625002,0452 2520950,9786426203,N/A,N/A,maduraighs5@gmail.com,http://www.madurai.tn.nic.in/gh.html,Dr. Mercy joyson,N/A,9486903820,N/A,"MBBS, MD",Government,YES,NO,24x7,67/28c,01-01-2012,31-12-2016,9.926986,78.131758
2089,Meenakshi Mission Hospital and Research Centre Blood Bank,Tamil Nadu,MADURAI,Madurai,"Lake Area, Melur Road, Madurai, Tamil Nadu ",625107,0452 2588741  ,9894734003,N/A,4522586353,info@mmhrc.in,http://www.mmhrc.in,Dr. P. Krishmamoorthi,N/A,9442028825,info@mmhrc.in,"MBBS, MD",Private,YES,YES,24x7,26/28C,14-02-1995,01-01-2008,9.947597,78.162318
2090,Thai Moogambigai Blood Bank and Clinical Laboratory,Tamil Nadu,MADURAI,Madurai,"No. 3 Ground Floor (Northern Side),  Javahar Cross Street,  Gandhi Nagar",625020,0452 2535685,N/A,N/A,N/A,N/A,,Dr. Ezhakuvan,N/A,9843217215,r.s.s.sundaram@gmail.com,MBBS,Private,NO,NO,24x7,157/98,01-11-1998,31-12-2016,9.922374,78.136819
2091,The Apollo Speciality Hospital Blood Bank,Tamil Nadu,MADURAI,Madurai,"No.14 Deputy Collectors Colony, Lake View Road, K.K. Nagar, Madurai",625020,0452 2581147,,,,,http://www.apollohospitals.com,,,,,,Private,YES,,24x7,,,,9.927966,78.148775
2092,Vadamalayan Hospital Blood Bank,Tamil Nadu,MADURAI,Madurai,"Vadamalayan Hospital, No.9B, PT Rajan Road, Chokkikulam, Reserve Police Line",625002,0452 2545400,,,N/A,bloodbank@vadamalayan.org,http://www.vadamalayan.org,Dr. Padmini,N/A,9344156746,drkp21@gmail.com,"MBBS, MD(Micro)",Private,YES,NO,24x7,260/28c,05-07-2015,05-07-2015,9.942846,78.130616
2093,Sivan Blood Bank Run by Lakshmiammal Memorial Trust,Tamil Nadu,MADURAI,Madurai,"Plot No.10, D.No. 58A Kuruvikaran Salai, 1st Cross Street, Aringnar Anna Nagar",625020,0452 2536562,9865199411,N/A,N/A,sivanbloodbank@yahoo.com,http://www.sivanbloodbank.com,Dr. Devadoss,N/A,9865199411,sivanbloodbank@yahoo.com,"MBBS, DV",Charity,YES,NO,24x7,271,25-12-2006,25-12-2016,9.923292,78.140268
2094,Velammal Medical College Hospital and Reserach Institute Blood Bank,Tamil Nadu,MADURAI,Madurai,"Velammal Village, Madurai-Tuticorin Ring Road, Anuppanadi
Madurai",625009,0452 25110033  ,N/A,1.80E+11,N/A,vmchbb@gmail.com,http://www.velammalmedicalcollege.com,Dr. P. Sethuammal,N/A,9843033330,N/A,"MBBS, MD (Micro)",Private,YES,NO,24x7,344/28c,11-02-2013,10-02-2018,9.887094,78.150868
2095,Satyam Blood Bank,Tamil Nadu,MADURAI,Madurai,No. 21C Old Kuyavar Palayam Road ,625009,0452 2330327,"09842165654, 09943906500",N/A,N/A,N/A,,Dr. S. Radha,N/A,9842374669,drsradha@yahoo.com,MBBS,Private,NO,NO,24x7,11,01-01-2007,31-12-2011,9.9158348,78.1303044
2096,Annai Abirami Blood Bank,Tamil Nadu,MADURAI,Madurai,"171/1, Opposite S K G & CO, South Masi Street, Kondaiyanaidu Ln, Periyar, Madurai Main",625001,0452 2339750,9943906500,N/A,N/A,N/A,,Dr. Allavudin,N/A,9345207636,sondaviddear@gmail.com,"MBBS, BMRD",Private,NO,NO,24x7,50,09-07-2009,08-07-2014,9.915247,78.119525
2097,Vignesh Blood Bank,Tamil Nadu,MADURAI,Madurai,No. 101 Sivaganga Road,625020,04522 582562,099440 98101,,,,,,,,,,Private,NO,,24x7,,,,9.925627,78.140349
2098,Madhura Blood Bank,Tamil Nadu,MADURAI,Madurai,"51 A, Harvey Nagar Main Road, Arasaradi",625011,0452 4352535,9894668215,,,,,,,,,,Private,NO,,24x7,,,,9.9293326,78.0990732
2099,Christian Mission Hospital Blood Bank,Tamil Nadu,MADURAI,Madurai,"E Veli St. Old Kuyavar Palayam Salai, Madurai Main, Madurai",625001,"0452 2326458, 0452 2326294",9443475393,N/A,4522325617,maduraicmhlab@gmail.com,http://www.csimissionhospitalmadurai.com,Dr. A. Charles,N/A,9443475393,maduraicmhlab@gmail.com,"MBBS, MS, MCH",Private,NO,NO,24x7,278,16-07-2007,15-06-2012,9.915951,78.125557
2100,Government Head Quarters Hospital Blood Bank,Tamil Nadu,MADURAI,Madurai,"Government  Head quarters Hospital, Usilampatti, Madurai ",625532,04552 252185,9787741087,N/A,N/A,bloodbankghqhust@gmail.com,,Dr. Veeragavan,N/A,9443059187,N/A,"MBBS, DCH",Government,NO,NO,24x7,216,13-05-2003,13-05-2013,9.962367,77.788596
2101,M/S Jeevan Blood Bank,Tamil Nadu,MADURAI,Madurai,"Plot No.363, East 4th Cross street, KK Nagar",625020,,,,,,,,,,,,Private,,,,,,,#N/A,#N/A
2102,Government Hospital Blood Bank,Tamil Nadu,NAGAPATTINAM,Mayiladuthurai,"GovernmentHospital, MainRoad, Mayiladuthurai",609001,04364 223451,9566154714,N/A,N/A,bbmyd@gmail.com,,Dr. Siva Kumar,N/A,9443872888,N/A,MBBS,Government,NO,NO,24x7,232,30-03-2004,08-03-2009,11.10168,79.647377
2103,Government Head Quarters Hospital Blood Bank,Tamil Nadu,NAGAPATTINAM,Nagapattinam,"Government Head Quarters Hospital, Nagapattinam",611001,04365 248600,"09790152596, 07845782299, 08608058463",N/A,N/A,ctbnagai2014@gmail.com,,Dr. Ramesh Babu,N/A,9362610412,N/A,"MBBS, MD",Government,NO,NO,24x7,,31-03-1997,31-12-2012,10.77284,79.843885
2104,Bharath Clinical Laboratory and Blood Bank,Tamil Nadu,NAMAKKAL,Namakkal,"No. 71/13, Trichy Main Road, Namakkal",637001,04286 22002705,9942397788,N/A,N/A,hitechlab1983@gmail.com,,Dr. A. Natarajan,N/A,9865150269,hitechlab1983@gmail.com,MBBS,Charity,NO,NO,24x7,378/28c,09-04-2002,14-10-2020,11.217204,78.1702576
2105,Shharc Charity Blood Bank,Tamil Nadu,NAMAKKAL,Namakkal,"39A, Dr. Shankaram Road, Gandhi Nagar (Near BSNL Office), Namakkal",637001,0428 6234552,9585500112,,,,,,,,,,Private,NO,,24x7,,,,11.215701,78.168668
2106,Government Head Quarters Hospital Blood Bank,Tamil Nadu,NAMAKKAL,Namakkal,"Government Head Quarters Hospital, Namakkal",637001,04286 221411,9942933213,N/A,N/A,bbnamakkal@gmail.com,,Dr. A. Anbumalar,N/A,9942933213,BBNAMAKKAL@GMAIL.COM,"MBBS,  DCP",Government,NO,NO,24x7,149/28C,01-01-1992,31-12-2016,11.216752,78.168939
2107,Government Hospital Blood Bank,Tamil Nadu,NAMAKKAL,Rasipuram,"Government  Hospital, Rasipuram",637408,04287 222878,094435 03984,N/A,N/A,cmorasipuram@gmail.com,,Dr. P. Minavathi,N/A,9994461352,cmorasipuram@gmail.com,MBBS,Government,NO,NO,24x7,233,09-10-2003,08-08-2008,11.461112,78.185127
2108,Government Hospital Blood Bank Thiruchengode,Tamil Nadu,NAMAKKAL,Thiruchengode,"Thiruchengode, Namakkal.",,,,,,,,,,,,,Government,,,,,,,11.37825,77.896927
2109,Vivekanandha Medical Care Hospital Blood Bank,Tamil Nadu,NAMAKKAL,Tiruchengkodu,"SF No.20/1,2, Elayampalayam, Tiruchengodu",637205,04288 234677,,,,,,,,,,,Private,YES,,24x7,,,,11.3646828,77.947674
2110,Government Head Quarters Hospital Blood Bank,Tamil Nadu,PERAMBALUR,Perambalur,"Government  Head Quarters Hospital,Thuraiyur Main Road, Perambalur",621212,04328 277128,9047737699,N/A,N/A,perambalurbloodbank@gmail.com,,Dr. S. Saravana,N/A,9842480820,perambalurbloodbank@gmail.com,"MBBS, MD",Government,NO,NO,24x7,170/28C,01-04-2011,31-04-2012,11.23657,78.860775
2111,Muthu Medical Center Blood Bank (Muthu Charitable Trust),Tamil Nadu,PERAMBALUR,Perambalur,"No.153 Mettu Street  Opposite to Vegetable Market Perambalur, Tamil Nadu",621212,0432 8277477,9443747377,N/A,N/A,muthu_lab@yahoo.com,,Dr. Vijaya Priya,N/A,9842480802,muthu_lab@yahoo.com,"MBBS, MD",Charity,NO,NO,24x7,258/28C,05-04-2005,05-04-2010,11.238114,78.864898
2112,Dhanalakshmi Srinivasan Medical College and Hospital Blood Bank,Tamil Nadu,PERAMBALUR,Siruvachur,"1st floor Diagnostic Block, Trichy ? Chennai Highways (NH 45) Siruvachur, Perambaulur",621113,04328 327999,8489923825,N/A,4328224252,dsmedicalcollege@gmail.com,http://www.dsmedicalcollege.org,Dr. Chandhra ,0432 8327999,"09865447614, 09500646676, 08489923825",dsmedicalcollege@gmail.com,"MBBS, DD",Private,YES,NO,24x7,322/28 C,21-03-2011,20-03-2016,11.198683,78.872944
2113,M/S Kanakesa Thevar Memorial Hospital Blood Bank,Tamil Nadu,PUDUKKOTTAI,Pattukottai,"No 66 Chinnaiah Street, Pattukottai",614601,,,,,,,,,,,,Charity,,,,,,,10.4224595,79.3209407
2114,Sree Meenakshi Multi Speciality Hospital Blood Bank (Run by Ayyamperumal and K Dakshinamoorthy Trust),Tamil Nadu,PUDUKKOTTAI,Pudukkottai,"4215, South 4th Street,Pudukkottai",622001,04322 220234,,,,,,,,,,,Charity,NO,NO,,,,,10.3794608,78.8223621
2115,Government Head Quarters Hospital Blood Bank,Tamil Nadu,PUDUKKOTTAI,Pudukkottai,"Government Head Quarters Hospital, Santhanathapuram
Pudukkottai",622001,04332 228111,"09442568866, 08012351765",N/A,N/A,pudukottabb@gmail.com,,Dr. Saneem Abdul Kuthus,N/A,9750972266,N/A,"MBBS, MS",Government,NO,NO,24x7,99,31-03-1997,31-12-2017,10.378804,78.818264
2116,Government Hospital Blood Bank,Tamil Nadu,PUDUKKOTTAI,Pudukkottai,"The Medical Officer,  Taluk Government  Hospital, Aranthangi",616614,04371 270544 ,7639364928,N/A,N/A,aranthangibb@gmail.com,,Dr. P.L. Subramaniyam,N/A,9487438826,aranthangibb@gmail.com,MBBS,Government,NO,NO,24x7,237,06-04-2004,05-04-2014,10.180049,79.000136
2117,Government Headquarters Hospital Blood Bank,Tamil Nadu,RAMANATHAPURAM,Ramanathapuram,"Government Headquarters Hospital, Ramanathapuram",623501,04567 228178," 09443444159, 09842477708",N/A,N/A,ramanathapurambb17@gmail.com,,Dr. Sheikh Abdulla,N/A,9944792162,N/A,"MBBS, MS",Government,NO,NO,24x7,91/28C,11-06-1997,31-12-2012,9.363747,78.831928
2118,M/S Ramnad Blood Bank( Run by C.Lakshmiammal Memorial Trust),Tamil Nadu,RAMANATHAPURAM,Ramanathapuram,"No.1/225, &#34;Malligai illam&#34; Mahasakthi Nagar",625503,,,,,,,,,,,,Charity,,,,,,,#N/A,#N/A
2119,Government Hospital Blood Bank,Tamil Nadu,SALEM,Attur,"Cuddalore Main Road, Attur, Salem District
",636102,04282 243771,094422 42717,N/A,N/A,bbghattur@gmail.com,,Dr. Kannan,N/A,9442126306,bbghattur@gmail.com,MBBS,Government,NO,NO,24x7,215,23-05-2003,2008,11.59695,78.60139
2120,Annai Blood Bank,Tamil Nadu,SALEM,Attur,"104/1, 1st floor, Sadagopar Street, North Udayarpalayam",636102,04282 241401,9488693454,N/A,N/A,annaibloodbankattur@gmail.com,,Dr. K. Sudharsan,04282 241401,9488693454,annaibloodbankattur@gmail.com,"MBBS, MD",Private,NO,NO,24x7,305,17-06-2009,16-06-2014,#N/A,#N/A
2121,Government Head Quarters Hospital Blood Bank,Tamil Nadu,SALEM,Metturdam,"Government Head Quarters Hospital, Mettur Dam",636401,04298 245400,"09443203477, 09443388469",N/A,N/A,bbmettuegh@gmail.com,,Dr. Deeparajeshwari,N/A,8903402855,bbmetturgh@gmail.com,MBBS,Government,NO,NO,24x7,196,16-01-2002,31-12-2013,11.795825,77.798916
2122,Government Mohan Kumaramangalam Medical College Hospital Blood Bank,Tamil Nadu,SALEM,Salem,"Super Specialty Block, Steel Plant Main Road, Salem",636001,"04272 210964,0427 238 3313","0888312266, 08760287458",N/A,,salemghbloodbank@gmail.com,http://www.gmkmc.ac.in/,Dr. Ravindran,N/A,9865425524,,"MBBS, DCP",Government,YES,NO,24x7,,,,11.656585,78.153948
2123,Sri Gokulam Hospital Blood Bank,Tamil Nadu,SALEM,Salem,"No. 3/60, Mayanur Road, Salem",636004,"0427 2448171, 0427 2448176",9842437887,,,,,,,,,,Private,NO,,24x7,,,,11.672702,78.133827
2124,Sithi Vinayagar Blood Bank,Tamil Nadu,SALEM,Salem,"No, 1C Vidhyalaya Road, Salem",636007,"0427 2312577, 0427 2316440  ",9486499369,N/A,N/A,svbb_slm@yahoo.com,,Dr. Jagatheesan,N/A,9486499369,svbb_slm@yahoo.com,"MBBS, DLO",Charity,NO,NO,24x7,21,,12-12-2013,11.671281,78.151721
2125,Vinayaga Mission Kirubananda Variar Medical College Hospital Blood Bank,Tamil Nadu,SALEM,Salem,"Sankari Main Road, Chinna Seeragapadi, Salem",636308,0427 3982000,,,,,https://www.vmkvmc.edu.in,,,,,,Private,YES,,24x7,,,,11.585415,78.06378
2126,KSM Blood Bank (Run by Maruti Charitable Trust),Tamil Nadu,SALEM,Salem,"245/10 , 5th Cross street, Brindavan Road, Fairlands, Salem 
",636016,"0427 2446788,  0427 2445453 ","09443273733, 09443823902 ",N/A,N/A,ksmbloodbank224@yahoo.com,,Dr. Venkatesan,"0427 2446788,  0427 2445453 ",9443273733,ksmbloodbank224@yahoo.com,MBBS ,Charity,YES,NO,24x7,318/28 C,11-01-2011,10-01-2016,11.666537,78.143476
2127,Salem Blood Bank,Tamil Nadu,SALEM,Salem,"Run by SHHARC Charity Trust, 2A 3rd Agraharam,  (Opposite to Kasiwiswanathar Temple), Salem
",636001,04272 265432,"09585500116, 09585500113",N/A,N/A,salembloodbanks@gmail.com,http://www.salembloodbank.com,Dr. K. Murugesan,04272 265432,"09585500116, 09585500113",salembloodbanks@gmail.com,MBBS ,Charity,YES,NO,24x7,279 / 28 C,24-07-2007,23-07-2012 (Applied),11.659085,78.168204
2128,Kurinji Hospital Blood Bank,Tamil Nadu,SALEM,Salem,"Tee Jay salai, Five Roads, Salem
",636016,"0427 2433321, 0427 2433300, 0427 2433301, 0427 2433302",7373262110,N/A,N/A,kurinjihospital@yahoo.co.in,http://www.kurinjihospital.in,Mrs. P. Mahalakshmi,0427 2433321,7373262110,kurinjihospital@yahoo.co.in,DMLT ,Private,YES,NO,24x7,280,31-07-2007,27-07-2012,11.677233,78.135322
2129,Maruti Blood Bank,Tamil Nadu,SALEM,Salem,"Door No. 5, 5/1, Srinivasa Complex, (First Floor) Ram Nagar, Meyyanur, Salem",636004,"0427 2444962, 0427 4040110","09443177063, 07708020001",N/A,N/A,maruthibloodbank@gmail.com,http://www.maruthibloodbank.org,Dr. Venkatachalam,"0427 2444962, 0427 4040110","09443177063,  07708020001",maruthibloodbank@gmail.com,MBBS ,Charity,YES,YES,24x7,296/28 C,Jul-97,03-06-2015,11.672426,78.136187
2130,Sivaramji Blood Bank (Unit of Janaseva Trust),Tamil Nadu,SALEM,Salem,"No 266, Omalur main road",636007,"0427 2318003, 0427 2416760",,,,,,,,,,,Charity,NO,,,,,,11.6609731,78.1497537
2131,Salem Steel Authority of India Salem Steel Plant,Tamil Nadu,SALEM,Salem,"Mohan Nagar, Salem",636013,0427 2388263,,,,,,,,,,,Private,NO,NO,24x7,,,,11.654349,78.025247
2132,Minu Labs and Blood Bank,Tamil Nadu,SALEM,Salem,"7.A/4, Ramakrishna Road, (Rajaji Road)",636007,"0427 2318881, 0427 2332425",9443233744,,,,,Dr.Selvakumar,,9443233744,,,Private,NO,NO,24x7,,,,11.675357,78.131943
2133,S Palaniyandi Mudaliar Memorial Hospital Blood Bank,Tamil Nadu,SALEM,Salem,"No. 29 Cuddalore Road,  Ammapet, Salem
",636003,"0427 2244500, 0427 2240394, 0427 2240395 ",099946 46314,N/A,0427 2244510,spmmhospital@gmail.com,http://www.spmmhospital.com,S. Madheswaran ,"0427 2244500, 0427 2240394, 0427 2240395 ",099946 46314,spmmhospital@gmail.com,DMLT ,Charity,NO,NO,24x7,173/28 C,20-03-2002,19-03-2017,11.661224,78.192156
2134,Sri Shellapha Hospital Blood Bank,Tamil Nadu,SALEM,Salem,"239, Rajaram  Nagar, Near Gandhi Stadium, Salem
",636007,"0427 2421266, 0427 2421277","09894264333, 09443391683",N/A,N/A,shrishellapha@gmail.com,http://www.shrishellaphahospital.com,Dr. P.K. Punithavathi,"0427 2421266, 0427 2421277","09894264333, 09443391683",shrishellapha@gmail.com,"MBBS, DGO, DMRD",Private,NO,NO,24x7,287/28 C,28-12-2007,27-12-2017,11.659832,78.154862
2135,M/S SKS Hospital Blood Bank ( Unit of SKS Hospital (I) Private Limited),Tamil Nadu,SALEM,Salem,"No 50/2, First Floor, Brindavan Road, Alagapuram",636004,,,,,,,,,,,,Private,,,,,,,#N/A,#N/A
2136,KaraiKudi Blood Centre (Run by Vivekananda Trust),Tamil Nadu,SIVAGANGA,KaraiKudi,"1st Floor, No.24/7, Ayyanar Puram 2nd Street",623001,04565 401644,9894955818,N/A,N/A,kbcbloodbank@gmail.com,,Dr. Usha,N/A,9443609877,kbcbloodbank@gmail.com,MBBS,Charity,NO,NO,24x7,366/28c,31-10-2014,30-10-2019,#N/A,#N/A
2137,Government Sivagangai Medical College Hospital Blood Bank,Tamil Nadu,SIVAGANGA,Sivagangai,"Vanieyankudi, Sivagangai
",630561,04575 246356,"09443137776, 09842450637 ",N/A,N/A,bloodbanksvg@gmail.com,,Dr. Vimala Devi Vidhya,04575 246356,9443137776,bloodbanksvg@gmail.com,"MBBS, MD, DGO ",Government,YES,NO,24x7,368/28 C,1998,31-12-2019,9.838881,78.478259
2138,Government Head Quarters Hospital Blood Bank,Tamil Nadu,SIVAGANGA,Sivagangai,"Government Head Quarters Hospital, Karaikudi, Sivagangai District
",630 004,04565 221782,"09443503407, 09442768133 ",N/A,N/A,govtbloodbankkaraikudi@gmail.com,,Dr. R.M. Chellamuthu,04565 221782,9443503407,mgkrishnan76@gmail.com,"MBBS, MS ",Government,NO,NO,24x7,209/28 C,25-03-2003,24-03-2013 (applied ),10.063948,78.777174
2139,Sri Kaali Blood Bank,Tamil Nadu,THANJAVUR,Kumbakonam,"No. 165A Gandhi Adigal Salai, Kumbakonam,  Tamil Nadu ",612001,0435 242 6037,9443249803,N/A,N/A,kalibloodbank@gmail.com,,Dr. Ravi ,N/A,9443249803,N/A,MBBS,Private,NO,NO,24x7,124,N/A,15-01-2019,10.956521,79.37494
2140,Government Head Quarters Hospital Blood Bank,Tamil Nadu,THANJAVUR,Kumbakonam,"Government Head Quarters Hospital, Dr. Moorthy Road, Kumbakonam",612001,0435 2425104,7708581524,N/A,N/A,bbghqh.kum@gmail.com,,Dr. C. Anbazhagan,N/A,"09443888909, 07708581524",N/A,MBBS,Government,NO,NO,24x7,97,31-03-1997,31-12-2012,10.969246,79.385655
2141,Government Hospital Blood Bank,Tamil Nadu,THANJAVUR,Pattukkottai,"Palaniappan St.Nadimuthu Nagar, Pattukkottai, ",614601,04373 252080,9787799089,N/A,N/A,bb.gn.pkt@gmail.com,,Dr. A. Gandhi,N/A,9443127755,bb.gn.pkt@gmail.com,"MBBS, MS",Government,NO,NO,24x7,160/28C,05-01-1999,31-12-2012,10.421081,79.317866
2142,Thanjavur Medical College Hospital Blood Bank,Tamil Nadu,THANJAVUR,Thanjavur,"Thanjavur Medical College Hospital, Thanjavur",613004,"04362 246452, 04362 240951, 04362 240124","09443586564, 09566313894",N/A,N/A,bb.tmch.tnjr@gmail.com,,Dr. K. Senthil Kumar,N/A,9443586564,senthilpatterson@gmail.com,MD (Pathology),Government,YES,NO,24x7,51,12-03-1996,31-12-2016,10.758601,79.106601
2143,Sri Kaali Blood Bank,Tamil Nadu,THANJAVUR,Thanjavur,"No. 32 Thirunagar, Thanjavur",613009,0435 2426037,9443249803,N/A,N/A,kalibloodbank@gmail.com,,Dr. Shanmuga Sundaram,N/A,9443249803,N/A,MBBS,Private,YES,YES,24x7,38,,15-01-2019,10.785119,79.120603
2144,Voluntary Blood Bank,Tamil Nadu,THANJAVUR,Thanjavur,"No. 2936 West Main Road, Thanjavur",613009,,9150522642,,,,,,,,,,Private,NO,NO,,,,,10.7897611,79.130581
2145,KMR Blood Bank (Run by KMR Charitable Trust),Tamil Nadu,THANJAVUR,Thanjavur,"113A, (First Floor) Arulandha Nagar 7th Cross, Thanjavur",613007,,,,,,,,,,,,Charity,NO,,,,,,10.7681187,79.1360503
2146,Government Raja Mirasudar Hospital,Tamil Nadu,THANJAVUR,Thanjavur,"Government Raja Mirasudar Hospital, Thanjavur",613001,04362 276880,8148601484,N/A,N/A,bb.rmh.tnjr@gmail.com,,Dr. J. Latha,N/A,9486277220,N/A,"MBBS, MD (Pathology)",Government,NO,NO,24x7,108,31-03-1997,31-12-2017,10.785541,79.1366
2147,Ambigai Blood Bank,Tamil Nadu,THANJAVUR,Thanjavur,"No, 1877/1 West Main Road, Thanjavur",613009,"04362 239032, 04362 32525",9488546965,,,,,,,,,,Private,NO,,24x7,,,,10.7921998,79.1298358
2148,Lakshminarayana Blood Bank,Tamil Nadu,THANJAVUR,Thanjavur,"No. 190 ,11 th cross,  Arulananda Ammal Nagar",613007,04362 255485 ,"09360342325, 09750253323, 09092142240",N/A,N/A,lnbb2001@yahoo.com,,Mr. V. Sathish Kumar,04362 255485,9360342325,lnbb2001@yahoo.com,MSc (Phy),Private,NO,NO,24x7,184/2001,21-03-2001,31-12-2007(Renewal applied) & 29-02-2011 (Change of constitution-applied). ,10.764582,79.134439
2149,Indian Red Cross Society Blood Bank,Tamil Nadu,THANJAVUR,Thanjavur,"Indian Red Cross Society, 43/C, Al - Seraj Building, Medical College Road",613001,"04362 273456, 04362 273456, 04362  278333","09360315664, 09942176327 ",N/A,N/A,sec.thanjavur@gmail.com,http://www.ircsthanjavur.com,Dr. Cinnaswamy,N/A,9360315664,sec.thanjavur@gmail.com,"MBBS, DO",Private,NO,NO,24x7,277/28 C,19-04-2007,19-04-2017,10.776729,79.12912
2150,Meenakshi Hospital Blood Bank,Tamil Nadu,THANJAVUR,Thanjavur,"SF No.244/2, 3rd Floor, Nilagiri Therkku Thottam Village,  Near New Bus Stand, Trichy Main Road, Tanjore
",613005,0436 2226474,8508744477,N/A,04362 228159,bloodbank@mht.org.in,http://www.mmh.org.in,Ms. Indiradevi,N/A,8508744477,bloodbank@mht.org.in,"BSc, PGDMLT",Private,YES,NO,24x7,349,01-11-2013,31-10-2018,10.745435,79.111902
2151,Government Lawley Hospital Blood Bank,Tamil Nadu,THE NILGIRIS,Coonoor,"Government Lawley Hospital, Coonoor",643102,0423 2231050,9865627457,N/A,N/A,ghcoonoorbb@gmail.com,,Dr. Raghuram,N/A,9865627457,ghcoonoorbb@gmail.com,MBBS,Government,NO,NO,24x7,N/A,26-02-2003,25-02-2018,11.347494,76.792608
2152,Government Taluk Hospital Blood Bank,Tamil Nadu,THE NILGIRIS,Gudalur,"Government Taluk Hospital, Gudalur",643212,04262 261222,9443165933,N/A,N/A,ghgudalur@gmail.com,http://www.tnhealth.org,Dr.Suresh Rajakumar,N/A,9443165933,N/A,"MBBS, MD",Government,NO,NO,24x7,358,22-07-2014,27-07-2019,9.676495,77.240608
2153,Gudalur Adivasi Hospital Blood Bank (Previously named as Ashwini hospital & under Ashwini trust),Tamil Nadu,THE NILGIRIS,Gudalur,"0/147 G7, Kothervayal, Gudalur, Kothervayal, Ashwini Hospital Road
",643212,0426 2261645,9486478308,N/A,N/A,ashwinigudalur@gmail.com,http://www.ashwini.org,Dr.Shylaja Devi ,N/A,9443931108,ashwinigudalur@gmail.com,"M.B.B.S,M.D.,DGO",Charity,NO,NO,24x7,363,24-09-2014,23-09-2019,11.50223,76.498838
2154,"Government Head Quarters Hospital, Ooty",Tamil Nadu,THE NILGIRIS,Ooty,"Ooty,Nilgiris",,,,,,,,,,,,,Government,,,,,,,11.4064138,76.6932438
2155,Government Head quarters Hospital,Tamil Nadu,THE NILGIRIS,Udagamandalam,"Government Head quarters Hospital,Udagamandalam",643001,0423 2446146,"09443042335, 09597990506",N/A,N/A,"bloodbanknilgiris@gmail.com,",,Dr. R. Amaravathy Rajan,N/A,9443042335, dramaravathyrajjan@gmail.com,"MBBS, DO",Government,NO,NO,24X7,154/28-C,22-10-1998,31-12-2016,11.407951,76.700279
2156,Military Hospital Blood Bank,Tamil Nadu,THE NILGIRIS,Wellington,"Military Hospital, Wellington",643231,0423 2200154,,,,,,,,,,,Government,NO,NO,24x7,,,,11.367257,76.782632
2157,Government Head Quarters Hospital Blood Bank,Tamil Nadu,THENI,Periyakulam,"Government Head Quarters Hospital, Thenkarai, Periyakulam",625601,04546 231292,7200343511,N/A,N/A,bbghqhpkm@gmail.com,,Dr. Peter Swamy,N/A,9500668738,bbghqhpkm@gmail.com,MBBS,Government,NO,NO,24x7,105C,12-12-1996,31-12-2012,10.123029,77.53294
2158,Government Theni Medical College Hospital Blood Bank,Tamil Nadu,THENI,Theni,"Government  Theni Medical College, Kanavilaku, Madurai Road, Theni",625531,04546 294053,"09750398219, 09942855464, 09976165113",N/A,N/A,bloodbankgtmch@gmail.com,http://www.tmctheni.ac.in,Dr.Jeyachandran,N/A,9443743263,N/A,"MBBS, DCH",Government,YES,NO,24x7,267,08-12-2005,07-12-2015,10.006927,77.553185
2159,Vikram Clinical Blood Bank,Tamil Nadu,THENI,Theni,"No. 409, Periakulam Road, Theni",626531,0452 322282,904203618,,,,,,,,,,Private,NO,,24x7,,,,9.7371719,77.2846484
2160,Government Head Quarters Hospital Blood Bank,Tamil Nadu,THIRUVALLUR,Thiruvallur,"Government  Thiruvallur Head Quarters Hospital, JN Road, Thiruvallur",602001,044 27664849,"09943860348, 0944943104",N/A,N/A,bloodbankghtlr@gmail.com,,Dr. Tamilselvi,N/A,9944943104,N/A,MBBS,Government,NO,NO,24x7,236/28c,26-04-2004,05-04-2014,13.127649,79.91098
2161,Government Medical College and Hospital Blood Bank,Tamil Nadu,THIRUVARUR,Tiruvarur,"The Medical Officer,  Government  Medical College & Hospital, Collectrate Campus, Vilamal, Thiruvarur",610004,04366 222204,"08883917999, 09443282313, 09750428956",N/A,N/A,bloodsafetythiruvarur@gmail.com,http://www.tmctvr.ac.in,Dr. Anand Kumar,N/A,9443382693,N/A,MBBS,Government,NO,NO,24x7,314,1990,17-11-2015,10.779139,79.606921
2162,Sri Venkateswara Hospital Blood Bank,Tamil Nadu,THIRUVARUR,Tiruvarur,"No.16, Kamalayam West Bank, Tiruvarur",610004,"04366 242866, 04366 243143",,,,,,,,,,,Private,NO,,24x7,,,,#N/A,#N/A
2163,Government Head Quarters Hospital Blood Bank,Tamil Nadu,Thoothukudi (TUTICORIN),Kovilpatti,"Government Head Quarters Hospital, Kovilpatti, Thoothukudi",628501,04632 223106,"08012062297, 09629179751",N/A,N/A,bloodbankkvp132013@gmail.com,,Dr. Kamalavasan,N/A,9442151877,akroshy@gmail.com,"MBBS, DLO",Government,NO,NO,24x7,84,31-03-1997,31-12-2017,9.175646,77.874168
2164,Sudiksha Prabhu Hospital Blood Bank and Research Centre,Tamil Nadu,Thoothukudi (TUTICORIN),Kovilpatti,"59,60, Chokkan Urani Street, AKS Theatre Road
V.O.C. Nagar, Kadershan Koil, Kovilpatti",628501,"04632 233939, 04632 233828",N/A,N/A,N/A,N/A,http://www.SudikshaPrabhuHospital.com,Dr. Prabhu,N/A,9443363944,ramadoss.prabhu@gmail.com,MBBS,Private,NO,NO,24x7,338,03-10-2012,02-10-2017,9.172693,77.864944
2165,Aarthi Hospital Blood Bank,Tamil Nadu,Thoothukudi (TUTICORIN),Kovilpatti,"60, Santhaipettai Road, Kovilpatti
",628502,04362 223346,"09688213113, 09442123346",N/A,N/A,arthibloodbankkvp@yahoo.com,http://www.arthiscan.com,Dr. K. Annand,N/A,99442123346,arthibloodbankkvp@yahoo.com,MBBS,Private,NO,NO,24x7,357,15-07-2014,14-07-2019,9.174494,77.866384
2166,Government Thoothukudi Medical College Hospital Blood Bank,Tamil Nadu,Thoothukudi (TUTICORIN),Thoothukudi,"Palayamkottai Road, Thoothukudi 
",628 008,0462 2321052,"09842139132, 09790308787, 07598853127, 08012722728",N/A,N/A,govc.bloodbankthoothukudi@gmail.com,http://www.tmctkd.ac.in/,Dr. R. Shanthi,N/A,9842139132,govc.bloodbankthoothukudi@gmail.com,"MBBS, DCP",Government,YES,NO,24x7,89/28 C,01-01-2011,31-12-2015,8.798061,78.136134
2167,Tuticorin Blood Bank,Tamil Nadu,Thoothukudi (TUTICORIN),Tuticorin,"No. 67/70, 1st Floor, North Car Street, Tuticorin",628002,0461 4200666,"09443388571, 09443205542",N/A,N/A,N/A,,Dr. Nandhakumar,N/A,9443388571,jcraj78@gmail.com,MBBS,Private,NO,NO,24x7,317,13-12-2010,12-12-2015,8.808076,78.146747
2168,Rajesh Tilak Hospital Blood Bank,Tamil Nadu,Thoothukudi (TUTICORIN),Tuticorin,"Door No 107J/79/53, PC Road, First floor, Rajesh Tilak Hospital Campus, West Millarpuram, Tuticorin",628008,,,,,,,,,,,,Private,,,,,,,8.798868,78.126177
2169,M/S Moses Blood Bank,Tamil Nadu,Thoothukudi (TUTICORIN),Tuticorin,"No, 24 Teppakulam Street",,,,,,,,,,,,,Private,,,,,,,8.8064891,78.1484439
2170,M/S AVM Hospital Blood Bank,Tamil Nadu,Thoothukudi (TUTICORIN),Tuticorin,"AVM Marimuthy Nadar Trust AVM associates Private Limited, 
No. 135 Palayamkottai Road, Tuticorin",,,,,,,,,,,,,Private,,,,,,,8.8017551,78.1375386
2171,Southern Railway Hospital Blood Bank,Tamil Nadu,TIRUCHIRAPPALLI,Tirchy,"Gold Rock, Railway colony",620002,0431 249 0708,,,,,,,,,,,Government,NO,NO,24x7,,,,10.784568,78.725301
2172,Bharath Heavy Electricals Limited Hospital Blood Bank,Tamil Nadu,TIRUCHIRAPPALLI,Tirchy,"BHEL Main Hospital, Bharath Heavy Electricals Limited, Thiruverumbur, Trichy",620014,0431 2571810,9003972853,N/A,N/A,nagaragankl9@gmail.com,,Dr. Narayanan,0431 2571810,9442502864,drnarayan@bheltry.co.in,"MBBS, DCP",Government,NO,NO,24x7,,,,10.7655805,78.7858073
2173,Mahathma Gandhi Memorial Government Hospital Blood Bank,Tamil Nadu,TIRUCHIRAPPALLI,Trichy,"(Attached with KAP Vishwanathan Medical College) Mahathma Gandhi Memorial Government Hospital, EVR Road, Puthur, Trichy",620017,0431 2770047,"09443060693, 09965519761, 09790365485,",N/A,0431 2771465,bloodbankghtrichy@gmail.com,,Dr. Backiyalakshmi,N/A,9443060693,bloodbankghtrichy@gmail.com,"MBBS, MD (Pathology)",Government,YES,NO,24x7,80,03-02-1997,21-12-2017,10.811588,78.677458
2174,KMC Speciality Hospitals Blood Bank ( Kaveri Hospitals),Tamil Nadu,TIRUCHIRAPPALLI,Trichy,"No. 6 Royal Road, Cantonment, Trichy ",620001,"0431 4077777, (Ex.2508)","09443965512, 09443076418",N/A,0431 2415402 (Hospital),Einfo@kauveryhospital.com,http://www.kauveryhospital.com,Dr. S. Sivamani ,9443965512,9443076418,Einfo@kauveryhospital.com,MBBS,Private,YES,YES,24x7,6/28 C,23-10-2008,24-10-2013 to 23-10-2018,10.802301,78.680138
2175,Bharath Blood Bank  ,Tamil Nadu,TIRUCHIRAPPALLI,Trichy,"No, 15A Rishi Complex, II Floor,  Main Road, Thillainagar ",620018,"0431 2760995, 0431 2760226",N/A,Local-1052,N/A,palani2000@yahoo.com,,Dr. Anthuvandurai,N/A,9443156665,palani2000@yahoo.com,MBBS,Private,NO,NO,24x7,54,Mar-96,31-12-2011,10.819196,78.676748
2176,Friends Blood Bank,Tamil Nadu,TIRUCHIRAPPALLI,Trichy,"No. 7C Williams Road, Contonment ",620001,0431 2460646,,,,,,,,,,,Private,NO,NO,,,,,10.8024029,78.6847091
2177,Victory Blood Bank,Tamil Nadu,TIRUCHIRAPPALLI,Trichy,"No.95 Salai Road, Woraiyur, Trichy",620003,0431 2768588,,,,,,,,,,,Private,NO,NO,,,,,10.827116,78.6804779
2178,Doctors Blood Bank and Research Centre ,Tamil Nadu,TIRUCHIRAPPALLI,Trichy,"Doctors Blood Bank and Reseach Centre (Run by DDC Charitable Trust), 123/1, Puthur Main Road, Woraiyur",620003,0431 274004,,,,,,,,,,,Charity,NO,NO,,,,,#N/A,#N/A
2179,Chennai Medical College Hospital and Research Centre,Tamil Nadu,TIRUCHIRAPPALLI,Trichy,"SRM Medical College, Irungallar, Manachanallur, Trichy",621105,0431 4298925,,,,,,,,,,,Private,YES,,24x7,,,,10.954422,78.754891
2180,Government Headquarters Hospital Blood Bank,Tamil Nadu,TIRUCHIRAPPALLI,Trichy,"Government  Head Quarters Hospital, Viralimalai Road, Manapparai",621306,0432 260760,"09965904997, 09791431198",N/A,N/A,bloodbank2015manaparai@gmail.com,,Dr. A. Shanthi,N/A,9443373127,devaganthari@gmail.com,"MBBS, DD",Government,NO,NO,24x7,354,10-02-2005,28-05-2019,10.604228,78.437862
2181,Church of South India Mission General Hospital Blood Bank,Tamil Nadu,TIRUCHIRAPPALLI,Trichy,"Woraiyur, Tiruchirappalli",620003,"0431 2761927, 0431 2762879, 0431 2760672, Ext. 423","09443685617, 09865297849, 094433 37664",N/A,0431 2750057,csightry@gmail.com,http://www.csimgh.com,Dr. Gunawathy,N/A,9443685617,csightry@gmail.com,"MBBS, MD (Paed.)",Charity,NO,NO,24x7,62/C,02-05-1994,08-12-2011 (Applied),10.830302,78.67675
2182,Child Jesus Hospital Blood Bank,Tamil Nadu,TIRUCHIRAPPALLI,Trichy,"Next to All India Radio, Promenade Road, Cantonment, Tiruchirappalli",620001,"0431 2415816, 0431 2410816",9488414084,N/A,0431 2411335,childjesuslab@gmail.com,http://www.childjesushospital.org,Dr. Chacko Nadackal Theresia Kutty,N/A,9488414084,childjesuslab@gmail.com,"MBBS, MD, DGO",Private,NO,NO,24x7,309,07-04-1997,12-12-2014,10.805162,78.686566
2183,Blood Bank of Shavana,Tamil Nadu,TIRUCHIRAPPALLI,Trichy,"13/333 First floor, Keelpagam Trichy Main Road, Manaparai",,0431 2750321,9244611750,,,,,,,,,,Private,NO,NO,24x7,,,,10.8014925,78.6840405
2184,M/S Apollo Speciality Hospitals Blood Bank,Tamil Nadu,TIRUCHIRAPPALLI,Trichy,"2nd floor, Chennai By - Pass Road,  Ariyamangalam,
Old Palpannai ",620010,,,,,,,,,,,,Private,,,,,,,10.8070322,78.7111298
2185,Government Hospital Blood Bank,Tamil Nadu,TIRUNELVELI,Ambasamudram,"Goverment Hospital, Ambasamudram",627401,04634 253480,9443252905,N/A,N/A,ambaibloodbank@gmail.com,,Dr. Venkatachalam ,04634 253480,9443252905,venkatambai65@gmail.com,"MBBS, MD (GM)",Government,NO,NO,24x7,243/28c,27-05-2004,26-05-2009,8.702599,77.385988
2186,Bethel Blood Bank,Tamil Nadu,TIRUNELVELI,Palayamkottai,"No. 17 Thiruchendur  Road, Palayamkottai",627002,"0462 2574775, 0462 2585258, 0462 2575258",9942018383,,,,,,,,,,Private,NO,NO,24x7,,,,8.7263552,77.7309071
2187,Government Hospital Blood Bank,Tamil Nadu,TIRUNELVELI,Sankarankovil,"Government Hospital, Katcheri Road, Sankaran Kovil
",627756,04636 222399,094439 95522,N/A,N/A,bloodbankskl@gmail.com,,Dr. Suganthakumari,04636 222399,9443995522,bloodbankskl@gmail.com,"MBBS, DMRD",Government,NO,NO,24x7,231/28 C,17-12-2003,16-12-2008 (Applied),9.167302,77.535764
2188,Government Head Quarters Hospital Blood Bank,Tamil Nadu,TIRUNELVELI,Tenkasi,"Government Head Quarters Hospital, Tenkasi",627811,04633 280138,8438465334,N/A,N/A,bbthenkasi12@gmail.com,,Dr. Safoorabeevi,N/A,9442894237,bbthenkasi12@gmail.com,MBBS,Government,NO,NO,24x7,355,31-03-1997,31-12-2017,8.952567,77.315522
2189,Shifa Hospitals Blood Bank,Tamil Nadu,TIRUNELVELI,Thirunelveli,"No. 82 Kailasapuram Middle Street, IIIrd Floor, Thirunelveli Junction, Thirunelveli",627001,"0462 2323041, 0462 2323044, 0462 2333245","09443152817, 09843834757",N/A,0462 2351566,shifahospitals2004@yahoo.com,,Dr. Mohamed Gani,N/A,"09443499414, 09843834757",shifahospitals2004@yahoo.com,MBBS ,Private,NO,NO,24x7,201/28 C,01-06-2009,31-05-2017,8.728161,77.710143
2190,Tirunelveli Medical College Hospital Blood Bank,Tamil Nadu,TIRUNELVELI,Tirunelveli,"Tirunelveli Medical College Hospital, Tirunelveli",627011,"0462 2576878, 0462 2572615",9843193801,N/A,0462 2579785,bloodbanktvmch@gmail.com,http://tvmc.ac.in/,Dr. Manimala,,9843193801,bloodbanktvmch@gmail.com,"MBBS, MD (Pathology) ",Government,YES,NO,24x7,234,09-03-2009,09-03-2014 (Applied),8.711749,77.75082
2191,Kartheek Nursing Home Blood Bank,Tamil Nadu,TIRUNELVELI,Tirunelveli,"Complex No. 37 (STC Road) Perumal Puram 7th Street, Thirunelveli",627007,"0462 2530409,  0462 2530410,  0462 2531777","091505 22642, 09443125280",N/A,N/A,kartheeknursinghome@rediffmail.com,,Mr. M.S. Perumal ,N/A,9443125280,kartheeknursinghome@rediffmail.com,N/A,Private,YES,NO,24x7,228,18-03-2010,17-03-2015,8.704073,77.738605
2192,Life Line Blood Bank Component and Research Centre ,Tamil Nadu,TIRUNELVELI,Tirunelveli,"Run by Subashtika Charitable Society, 3rd Floor, Sri Sudharsan Hospital, No.4, Salai Street, Vannarpettai",627003,0462 4560430,9894124430,N/A,N/A,lifeline.bloodbank@gmail.com,http://www.lifelinebloodbank.com,Mr. N.R. Ramesh Kumar,,9894124430,lifeline.bloodbank@gmail.com,"BSc, MLT",Charity,YES,NO,24x7,285/28 C,13-12-2007,12-12-2012,8.729758,77.719592
2193,Aarthi Hospital and Diagnostic Centre Blood Bank,Tamil Nadu,TIRUNELVELI,Tirunelveli,"No. 177/A-22/2, Trivandrum High Road Vannarapettai, Tirunelveli",627003,"0462 2501363, 0462 221346","09688213113, 08508664777",N/A,N/A,N/A,http://www.arthiscan.com,Mr. Selvin Sam Oliver,,9688213113,sam649976@yahoo.com,DMLT ,Private,NO,NO,24x7,212 / 28 C,21-05-2003,20-05-2013,8.716055,77.749882
2194,Galaxy Hospital Blood Bank,Tamil Nadu,TIRUNELVELI,Tirunelveli,"North Bye Pass Road, Vannerpettai, Tirunelveli
",627003,"0462 2501951, 0462 2501955",9942525580,N/A,0462 2501956,"labbalamurugan@gmail,com",http://www.galaxyhospitals.com,Mr. Balamurugan,N/A,9942525580,"labbalamurugan@gmail,com","DMLT, MSc, M.Phil",Private,NO,NO,24x7,261,05-07-2005,30-07-2015 (applied),8.733836,77.723049
2195,Sardar Raja Mission Hospital Blood Bank,Tamil Nadu,TIRUNELVELI,Tirunelveli,"Tirurajapuram, Kavalkinaru Junction",627105,04637 231905,9442942400,N/A,N/A,chairman@rajasdentalcollege.com,,Dr. S.A Jacob Raja,N/A,9443331905,chairman@rajasdentalcollege.com,MDS,Charity,NO,NO,24x7,297,16-12-2008,10-11-2013,8.729798,77.719613
2196,M/S Annai Blood Bank,Tamil Nadu,TIRUNELVELI,Tirunelveli,"M/S Annai Blood Bank (Run by Annai Medical Trust), No. 67 Pappu Sahib Complex,Melamuthuraman koil Street, Tenkasi",627811,,,,,,,,,,,,Charity,,,,,,,8.9599354,77.3087861
2197,Government Hospital Blood Bank,Tamil Nadu,TIRUPPUR,Dharapuram,"Government  Hospital, Park Road, Near Taluk Office, Dharapuram",638656,04258 220226,9626185212,N/A,N/A,cmodharapuram@gmail.com,,Dr. Chandrasekaran,N/A,9442221364,cmodharapuram@gmail.com,MBBS,Government,NO,NO,24x7,220/28c,28-08-2003,28-08-2013,10.732509,77.530473
2198,Revathy Medical Centre Blood Bank,Tamil Nadu,TIRUPPUR,Thiruppur,"No 10, CKP Layout 4th Floor, Valayankadu Main Road, Kumar Nagar (West) Avinashi Road, Tiruppur",614603,0421 4332211,"09842247997, 09842233335 ",N/A,0421 4332211,revathimedicalcenter@gmail.com,http://www.revathimedicalcenter.com,Dr. R. Eswaramurthi,,9842247997,revathimedicalcenter@gmail.com,MBBS ,Private,YES,NO,24x7,289/28 C,07-05-2008,07-05-2013 to 06-06-2018,11.120178,77.32933
2199,DSK Hospital Blood Bank,Tamil Nadu,TIRUPPUR,Tiruppur,"9 Kathir Nagar, Kangayam Main Road, Kathir Layout Road, Sathyamurthy Nagar, Tiruppur",641604,"0421 2422434, 0421 2421350",,,,,,,,,,,Private,NO,NO,24x7,,,,11.103261,77.369155
2200,Sri Kumaran Hospital Blood Bank,Tamil Nadu,TIRUPPUR,Tiruppur,"No. 774 A-DPN Road, Near Bus Stand",641 602,0421 4330000,,,,,,,,,,,Private,NO,NO,24x7,,,,11.1308187,77.3412947
2201,Government Head Quarters Hospital Blood Bank,Tamil Nadu,TIRUPPUR,Tiruppur,"Government Head Quarters Hospital, Dharapuram Road, Tiruppur ",641607,0421 2423400,9842230774,N/A,N/A,bloodbankghqhtcr@gmail.com,,Dr. Priya Visuvasam,N/A,"09842230774, 09688332480",bloodbankghqhtcr@gmail.com,"MBBS, DCH",Government,YES,NO,24x7,  376/28 C,20-01-1998,26-06-2015,11.076008,77.36898
2202,Government Hospital Blood Bank,Tamil Nadu,TIRUPPUR,Udumalpet,"Government Hospital, VOC Street, Udumalpet",642126,04252 220092,"09894671046, 09750821412",N/A,N/A,bbghudumalpet@gmail.com,,Dr. M. Elanchelian,N/A,9894671046,bbghudumalpet@gmail.com,"MBBS, DCH",Government,NO,NO,24x7,144,12-03-1978,10-07-2011 (Applied for license renewal),10.583823,77.247247
2203,Udumalpet Indian Medical Association Rotary Blood Bank,Tamil Nadu,TIRUPPUR,Udumalpet,"UKP-IMA Building, K.P.N. Nagar Gandhinagar Post, Udumalpet",642154,04252 226458,,,,,,,,,,,Charity,NO,NO,24x7,,,,10.586364,77.255039
2204,Government Medical College Hospital Blood Bank,Tamil Nadu,TIRUVANNAMALAI,Tiruvannamalai,"Government Thiruvannamalai Medical College Hospital, Thiruvannamalai",606603,04175 223585,"09962910320, 09787527294 ",N/A,N/A,bloodbank90@gmail.com,,Dr. Anitha Rani,N/A,9962910320,bloodbank90@gmail.com,"MBBS, MD (Pathology)",Government,NO,NO,24x7,90/22 C,1992,31-12-2013,12.225476,79.064744
2205,ST Thomas Hospital Blood Bank and Leprosy Centre,Tamil Nadu,TIRUVANNAMALAI,Tiruvannamalai,"Chettupattu, Polur Road, Tiruvannamalai",606801,04181 252263,9443252867,N/A,N/A,sthlcchetpet@hotmail.com,,Dr. V.V. Ramana Rao,N/A,"09443252867, 09486722172 ",sthlcchetpet@hotmail.com,"MBBS, TDD",Charity,NO,NO,24x7,239/28 C,26-04-2004,25-04-2014 (Applied),12.466265,79.335994
2206,Government Medical College Hospital Blood Bank,Tamil Nadu,VELLORE,Adukamparai,"Arni Road, Arani Road, Opposite Staff Quarters, Adukkamparai, Vellore",632011,04162 263900,9003508909,N/A,N/A,baskardcp65@gmail.com,,Dr. Bhaskaran,N/A,9894172141,baskardcp65@gmail.com,"MBBS, DCP",Government,YES,NO,24x7,217/28c,N/A,26-03-2016,12.845971,79.135775
2207,Government Hospital Blood Bank,Tamil Nadu,VELLORE,Ambur,"Government Hospital, Nethaji Road, Ambur",635802,04174 244656,7708885992,N/A,N/A,amburictc@gmail.com,,Dr. J. Manju,N/A,9840815495,amburictc@gmail.com,MBBS,Government,NO,NO,24x7,219,1995,18-06-2013,12.786665,78.716928
2208,Bethesda Hospital Blood Bank,Tamil Nadu,VELLORE,Ambur,"Mission Compound, Post Box No 56,  Ambur",635802,04174 242131,9894053388,N/A,N/A,drchaks07@gmail.com,,Dr. Chakravarthy,N/A,9443492128,drchaks07@gmail.com,MBBS,Private,NO,NO,24x7,210,2010,2013,12.778149,78.720022
2209,Government Hospital Blood Bank Arakonam,Tamil Nadu,VELLORE,Arakonam,"Arakonam, Vellore",,,,,,,,,,,,,Government,,,,,,,13.0752392,79.6558242
2210,Government Hospital Blood Bank,Tamil Nadu,VELLORE,Gudiyatham,"Government Hospital, Gudiyatham",632602,04171 221100,9003563054,N/A,N/A,ghdudiyatham@gmail.com,,Dr. Natarajan,N/A,9443542667,ghdudiyatham@gmail.com,"MBBS, DLO",Government,NO,NO,24x7,141/28C,01-01-2007,31-12-2011,12.945268,78.870574
2211,Government Head Quarters Hospital Blood Bank,Tamil Nadu,VELLORE,Tirupattur,"Government Hospital, Railway Station Road, Achamangalam, Tirupattur",635601,04179 220080,"09443280350, 09047659868",N/A,N/A,ghthirupathur@gmail.com,,Dr. M.T. Kumaravel,N/A,9443280350,mtkumaravel31@gmail.com,"MBBS, MS",Government,NO,NO,24x7,246,2005,14-09-2015 (Applied),12.49646,78.565713
2212,Government Hospital Blood Bank,Tamil Nadu,VELLORE,Vaniyambadi,"Government Hospital, Vaniyambadi",635751,04174 225700,"09095524567, 08220800727",N/A,N/A,ghvaniyambadi@gmail.com,,Dr. P.S. Tanveer Ahmed,N/A,9840208610,pstanveerahmed1981@gmail.com,"MBBS, DLO",Government,NO,NO,24x7,88,31-03-1997,04-01-2013,12.676583,78.615933
2213,CMC Hospital Blood Bank,Tamil Nadu,VELLORE,Vellore,"IDA Scudder Road, Vellore, Tamil Nadu ",632004,"0416 2222102,0416 2282010",9655503150,N/A,0416 2232035,clinpath@cmcvellore.ac.in,http://www.cmc-vellore.edu,Dr. Joy Mammen,N/A,9655503150,joymammen@cmcvellore.ac.in,"MBBS, MD",Charity,YES,YES,24x7,57/28c,31-12-1997,31-12-2011,12.92504,79.136105
2214,Masonic Blood Bank,Tamil Nadu,VELLORE,Vellore,"W/BRO V Surendranath Reddy Memorial Trust ,No. 5/2 New Katpadi Road, Opposite to Hotal River view, Vellore",632004,"0416 2220717, 0416 2223024","09849470612, 09443799998",N/A,N/A,masonicbloodbank@gmail.com,,Dr. M.V. Suresh,,9849470612,masonicbloodbank@gmail.com,"MBBS, MD (Pathology)",Charity,YES,YES,24x7,207,2003,25-02-2013,12.930498,79.135092
2215,Sri Narayani Hospital and Research Centre Blood Bank,Tamil Nadu,VELLORE,Vellore,"Sripuram, Thirumalaikodi, Vellore, Tamil Nadu ",632055,"0416 2206300,0416 2271202, 0416 2271844, 0416 2271584",9994467006,,,,https://www.narayanihospital.org,,,,,,Private,NO,,24x7,,,,12.870762,79.089846
2216,Government Head Quarters Hospital Blood Bank,Tamil Nadu,VELLORE,Walajapet,"Government Head Quarters Hospital, Walaja",632513,04172 232538,"09600957070, 09884360270",N/A,N/A,tnhspwalaja@gmail.com ,,D. Achudhan,N/A,"09600957070, 09884360270",surgeonachu@gmail.com,"MBBS, MS",Government,NO,NO,24x7,326/28 C,15-06-2011,14-06-2016,12.926168,79.356628
2217,Government Head Quarters Hospital Blood Bank,Tamil Nadu,VILLUPURAM,Kallakurichi,"Government Hospital, Kachirapalayam Road, Kallakurichi",606202,04151 222527,"09994595590, 09965625277",N/A,N/A,kallakurichibs59@yahoo.com,,Dr. T. Navukkarasu,N/A,9994595590,kallakurichibs59@yahoo.com,"MBBS, MD",Government,NO,NO,24x7,1/194/28C,04-10-2001,31-12-2012,11.737301,78.959375
2218,Melmaruvathur Adiparasakthi Institute of Medical Sciences and Research Blood Bank,Tamil Nadu,VILLUPURAM,Melmaruvathur,"A unit of Adiparasuthi Charitable Medical Eductional Cultural Trust, Melmaruvathur, Kancheepuram",603319,"044 27528302, 044 27528303, 044 27528304",9442882041,,,,http://www.mapims.org,,,,,,Private,YES,,24x7,,,,12.434226,79.81321
2219,Government Hospital Blood Bank,Tamil Nadu,VILLUPURAM,Tindivanam,"Government Hospital, Hospital Road, Dindivanam
",604601,04147 222250,"09443497696, 08870562435",N/A,N/A,bloodbanktindivanam@gmail.com,,Dr. Anbarassi,N/A,9443497696,bloodbanktindivanam@gmail.com,"MBBS, DTHM",Government,NO,NO,24x7,94/28 C,31-03-1997,31-12-2007,12.241136,79.651734
2220,St Joseph Hospital Blood Bank,Tamil Nadu,VILLUPURAM,Tindivanam,"Police line, Jayapuram, Tindivanam 
",604002,04147 226363,9498098134,N/A,N/A,clunyhospital@gmail.com,,Dr. Sr. Sindhumol Joseph,N/A,"09498098134, 08940245469",clunyhospital@gmail.com,"MBBS, DGO",Charity,NO,NO,24x7,283 / 28 C,01-10-2007,01-10-2012 to 30-09-2017,12.219359,79.654492
2221,Government Hospital Blood Bank,Tamil Nadu,VILLUPURAM,Ulundupettai,"Government Hospital, Ulundurpettai",606107,04149 222201,9443276936,N/A,N/A,,,,N/A,,,,Government,NO,,24x7,,,,11.692762,79.285932
2222,Balaji KMR Charitable Trust Blood Bank,Tamil Nadu,VILLUPURAM,Villupuram,"27/B5, Trichy Trunk Road",605602,04142 51666,,,,,,,,,,,Charity,NO,NO,,,,,11.9241664,79.48117
2223,Government Villupuram Medical College and Hospital Blood Bank,Tamil Nadu,VILLUPURAM,Villupuram,"Government  Villupuram Medical College and Hospital, Mundiyambakkam, Villupuram",605601,04146 232101,"09750385117, 09942044686 ",N/A,N/A,villupurambs19@yahoo.co.in,http://www.vmcvpm.ac.in,Dr. Sarangan,N/A,8870640888,villupurambs19@yahoo.co.in,"MBBS, MD",Government,NO,NO,24x7,93/28c old one; new number-324/28c,31-03-1997,10-03-2010,11.992895,79.516782
2224,GN Blood Bank,Tamil Nadu,VILLUPURAM,Villupuram," Run by GG Educational and Charitable Trust, 7-C, Chairman Chidambaram Street, Villupuram",605602,04146 225545,9443481222,N/A,N/A,gnbloodbank@gmail.com,,Mr. M. Gopinath,N/A,9443481222, geethagopinath@gmail.com,"MSC, MLT ",Charity,NO,NO,24x7,337,2012,17-Oct,11.939851,79.487355
2225,Government Hospital Blood Bank,Tamil Nadu,VIRUDHUNAGAR,Aruppukottai,"Pandalkudi Road, Near Vellai Kottai, Aruppukottai
",626101,04566 220264,"099442 81973, 08940214961 ",N/A,N/A,,,Dr. Sakthivel,N/A,9442056478,apkgh123@gmail.com,"MBBS, DPH",Government,NO,NO,24x7,142/28c,1998,31-12-2016,9.502673,78.097224
2226,Government Hospital Blood Bank,Tamil Nadu,VIRUDHUNAGAR,Rajapalayam,Government Hospital,626117,04563 221301,"09787200368, 09443103975",N/A,N/A,rjpmghbb@gmail.com,,Dr. P. Ponnuchamy,N/A,9443103975,rjpmghbb@gmail.com,"MBBS, MS",Government,NO,NO,24x7,142/28C,04-02-1998,01-01-2016,9.41412,77.597374
2227,Sai Blood Bank and Clinical Laboratory,Tamil Nadu,VIRUDHUNAGAR,Rajapalayam,"No, 114 Chidambaranar Street, Sankaran Koil Road",626117,"04563 230516, 04563 221516",9600674712,N/A,N/A,sairjpm@gmail.com,,Dr. K. Gunasekaran,N/A,9443292455,N/A,"MBBS, DCH",Private,NO,NO,24x7,10,16-08-2004,16-08-2014,9.4443205,77.5550061
2228,Sri PAC Ramasamy Raja Rotary Blood Bank (Run by Rajapalayam rotary),Tamil Nadu,VIRUDHUNAGAR,Rajapalayam,"Old No :1069, New No : 170, Madurai to Tenkasi Road",626117,04563 226625,9940166945,,,,,,,,,,Charity,,,24x7,,,,9.4330691,77.561826
2229,Government Hospital Blood Bank,Tamil Nadu,VIRUDHUNAGAR,Sivakasi,"Government Hospital, Parasakthi colony, Near Sivakasi railway station, Shield Road",626123,04562 220301,9486496169,N/A,N/A,,,,,,,,Government,NO,NO,24x7,,,,9.460615,77.786369
2230,Sri Annai Blood Bank,Tamil Nadu,VIRUDHUNAGAR,Sivakasi,"Run by Nestle Foundation Trust, S.No. 49/8B 49/8C ward E Block No. 6., Door No. 56 J2 Chairman A. Shanmuga Nadar Road",626123,04562 222956,"07373796390, 09843296390",N/A,N/A,,,,,,,,Charity,,,24x7,,,,9.450807,77.79369
2231,Virudhunagar Hindu Nadar V Dhanasamy Parimala Devi Medical Trust Blood Bank,Tamil Nadu,VIRUDHUNAGAR,Virudhunagar,"No, 38 North Car Street",626001,"04562 243060, 04562 245607, 04562 244282",9043013213,9842653592,N/A,N/A,,Dr. R. Jeevarajan,N/A,9443202275,N/A,"MBBS, MCH & MD",Charity,NO,NO,24x7,20,22-12-1994,31-12-2016,#N/A,#N/A
2232,Government Head Quarters Hospital Blood Bank,Tamil Nadu,VIRUDHUNAGAR,Virudhunagar,"Government Head Quarters Hospital, Ramamoorthy Road, Virudhunagar",626001,04562 244425,"09842261613, 08903881948, 09443569354",18004251303,04562 246030 (Health Insurance Office),vnrghbb@gmail.com,,Dr. N. Aravind Babu,N/A,9842261613,vnrghbb@gmail.com,"MBBS, MD (Paed.)",Government,NO,NO,24x7,86/28 C,1997,31-12-2012,9.588385,77.961917
